date,operator_id,input_tokens,output_tokens,cache_read_tokens,cache_write_tokens,sessions,active,synthetic
2026-07-01,op_001,9980,5663,141241,197754,1,True,True
2026-07-02,op_001,10495,5171,108894,222588,1,True,True
2026-07-03,op_001,11944,5393,122795,226963,1,True,True
2026-07-04,op_001,6967,3587,97830,147647,1,True,True
2026-07-05,op_001,11171,5364,135368,268549,1,True,True
2026-07-06,op_001,10606,5755,120480,206797,1,True,True
2026-07-07,op_001,0,0,0,0,1,True,True
2026-07-08,op_001,8465,4184,94087,160563,1,True,True
2026-07-09,op_001,5975,2906,80303,171943,1,True,True
2026-07-10,op_001,9507,4171,95773,141377,1,True,True
2026-07-11,op_001,9511,5392,127026,277974,1,True,True
2026-07-12,op_001,6874,2966,71325,111020,1,True,True
2026-07-13,op_001,10609,4885,120850,230968,1,True,True
2026-07-14,op_001,11202,6385,134558,203539,1,True,True
2026-07-15,op_001,9231,4540,118740,257021,1,True,True
2026-07-16,op_001,8070,3839,107113,239198,1,True,True
2026-07-17,op_001,6465,3658,72971,162845,1,True,True
2026-07-18,op_001,11083,5915,122626,267723,1,True,True
2026-07-19,op_001,11357,6294,152381,260239,1,True,True
2026-07-20,op_001,0,0,0,0,1,True,True
2026-07-21,op_001,9653,5162,130700,201469,1,True,True
2026-07-22,op_001,10455,4560,115959,165597,1,True,True
2026-07-23,op_001,7771,3957,85877,192052,1,True,True
2026-07-24,op_001,0,0,0,0,1,True,True
2026-07-25,op_001,7596,3799,82268,128914,1,True,True
2026-07-26,op_001,7493,3899,82113,148871,1,True,True
2026-07-27,op_001,0,0,0,0,1,True,True
2026-07-28,op_001,0,0,0,0,1,True,True
2026-07-29,op_001,7508,3744,86485,189404,1,True,True
2026-07-30,op_001,9658,5508,106096,222081,1,True,True
2026-07-01,op_002,7391,3034,181186,505518,1,True,True
2026-07-02,op_002,7799,3043,165179,455964,1,True,True
2026-07-03,op_002,7032,3067,177164,491651,1,True,True
2026-07-04,op_002,7477,2797,192281,503052,1,True,True
2026-07-05,op_002,6863,2849,194204,633868,1,True,True
2026-07-06,op_002,7018,2327,153199,427200,1,True,True
2026-07-07,op_002,7111,2890,161513,531546,1,True,True
2026-07-08,op_002,6892,2245,169785,357482,1,True,True
2026-07-09,op_002,5960,2017,141081,335225,1,True,True
2026-07-10,op_002,0,0,0,0,1,True,True
2026-07-11,op_002,6524,2437,145574,374475,1,True,True
2026-07-12,op_002,8428,3629,222636,485936,1,True,True
2026-07-13,op_002,0,0,0,0,1,True,True
2026-07-14,op_002,0,0,0,0,1,True,True
2026-07-15,op_002,6160,2330,164605,511429,1,True,True
2026-07-16,op_002,0,0,0,0,1,True,True
2026-07-17,op_002,8062,3426,197496,681784,1,True,True
2026-07-18,op_002,6326,2576,165712,382176,1,True,True
2026-07-19,op_002,9642,3146,210248,539920,1,True,True
2026-07-20,op_002,6310,2526,170031,463535,1,True,True
2026-07-21,op_002,5096,1882,130231,293507,1,True,True
2026-07-22,op_002,7633,2882,169557,466032,1,True,True
2026-07-23,op_002,7778,3373,177827,583552,1,True,True
2026-07-24,op_002,0,0,0,0,1,True,True
2026-07-25,op_002,6677,2291,157717,335838,1,True,True
2026-07-26,op_002,7002,2924,148710,472953,1,True,True
2026-07-27,op_002,5942,1942,121185,296185,1,True,True
2026-07-28,op_002,5374,1744,134545,340646,1,True,True
2026-07-29,op_002,6183,2644,148206,430325,1,True,True
2026-07-30,op_002,6413,2426,138813,389923,1,True,True
2026-07-01,op_003,4683,2969,77421,87852,1,True,True
2026-07-02,op_003,0,0,0,0,1,True,True
2026-07-03,op_003,3153,2236,50612,83543,1,True,True
2026-07-04,op_003,3421,2444,56472,69763,1,True,True
2026-07-05,op_003,4987,2776,82015,113999,1,True,True
2026-07-06,op_003,3821,2462,60966,83744,1,True,True
2026-07-07,op_003,0,0,0,0,1,True,True
2026-07-08,op_003,2562,1723,47637,67477,1,True,True
2026-07-09,op_003,2134,1230,35612,65372,1,True,True
2026-07-10,op_003,3640,2579,58748,96804,1,True,True
2026-07-11,op_003,0,0,0,0,1,True,True
2026-07-12,op_003,0,0,0,0,1,True,True
2026-07-13,op_003,2917,1714,43522,68842,1,True,True
2026-07-14,op_003,3403,2513,67125,100794,1,True,True
2026-07-15,op_003,2803,1754,42255,77024,1,True,True
2026-07-16,op_003,4226,2862,82205,140801,1,True,True
2026-07-17,op_003,3306,2438,55610,65557,1,True,True
2026-07-18,op_003,3225,1952,64981,88908,1,True,True
2026-07-19,op_003,4334,3186,73179,110621,1,True,True
2026-07-20,op_003,2672,1740,55133,93090,1,True,True
2026-07-21,op_003,4364,3044,74348,134372,1,True,True
2026-07-22,op_003,2631,1630,47651,74483,1,True,True
2026-07-23,op_003,3700,2264,77635,132427,1,True,True
2026-07-24,op_003,2832,1741,46989,53890,1,True,True
2026-07-25,op_003,2908,2050,52245,71583,1,True,True
2026-07-26,op_003,3086,1966,62777,103539,1,True,True
2026-07-27,op_003,3074,1834,47371,84303,1,True,True
2026-07-28,op_003,3905,2780,59273,77295,1,True,True
2026-07-29,op_003,3108,2314,46242,81716,1,True,True
2026-07-30,op_003,0,0,0,0,1,True,True
2026-07-01,op_004,5763,1921,154455,531803,1,True,True
2026-07-02,op_004,7511,3248,161492,392678,1,True,True
2026-07-03,op_004,5307,2237,149212,497853,1,True,True
2026-07-04,op_004,5520,1877,140330,481469,1,True,True
2026-07-05,op_004,5961,2072,136930,423496,1,True,True
2026-07-06,op_004,7473,3215,211042,589029,1,True,True
2026-07-07,op_004,5564,2273,110769,310526,1,True,True
2026-07-08,op_004,7328,2389,205430,590435,1,True,True
2026-07-09,op_004,5598,2277,115264,331469,1,True,True
2026-07-10,op_004,7181,2795,169561,546467,1,True,True
2026-07-11,op_004,6565,2546,144675,371334,1,True,True
2026-07-12,op_004,6569,2295,156963,404161,1,True,True
2026-07-13,op_004,6277,2351,134162,291312,1,True,True
2026-07-14,op_004,5953,2474,145599,331470,1,True,True
2026-07-15,op_004,6705,2262,189837,465684,1,True,True
2026-07-16,op_004,6972,2895,162765,493582,1,True,True
2026-07-17,op_004,6225,2257,163020,564501,1,True,True
2026-07-18,op_004,6328,2422,126526,358924,1,True,True
2026-07-19,op_004,6859,2688,135929,360057,1,True,True
2026-07-20,op_004,7384,2677,170266,433523,1,True,True
2026-07-21,op_004,0,0,0,0,1,True,True
2026-07-22,op_004,5570,2084,114513,345534,1,True,True
2026-07-23,op_004,0,0,0,0,1,True,True
2026-07-24,op_004,6668,2428,138586,407385,1,True,True
2026-07-25,op_004,5666,1879,140871,333849,1,True,True
2026-07-26,op_004,7160,2851,174798,466840,1,True,True
2026-07-27,op_004,0,0,0,0,1,True,True
2026-07-28,op_004,6496,2438,172039,392753,1,True,True
2026-07-29,op_004,0,0,0,0,1,True,True
2026-07-30,op_004,7921,3450,205379,561515,1,True,True
2026-07-01,op_005,37911,8663,147088,133751,1,True,True
2026-07-02,op_005,0,0,0,0,1,True,True
2026-07-03,op_005,27746,5056,108116,66743,1,True,True
2026-07-04,op_005,38027,8038,139000,113945,1,True,True
2026-07-05,op_005,30346,5755,102203,89719,1,True,True
2026-07-06,op_005,31445,6585,127937,109504,1,True,True
2026-07-07,op_005,0,0,0,0,1,True,True
2026-07-08,op_005,44755,8012,162313,158966,1,True,True
2026-07-09,op_005,42734,9532,133326,108182,1,True,True
2026-07-10,op_005,14642,2589,46514,35389,1,True,True
2026-07-11,op_005,35146,6557,122096,92430,1,True,True
2026-07-12,op_005,30266,5246,114805,84939,1,True,True
2026-07-13,op_005,49241,8975,202662,157519,1,True,True
2026-07-14,op_005,49761,8918,168628,117290,1,True,True
2026-07-15,op_005,30633,5249,113331,100071,1,True,True
2026-07-16,op_005,29938,6700,99752,71069,1,True,True
2026-07-17,op_005,30795,6710,100632,93854,1,True,True
2026-07-18,op_005,18195,3488,54784,47825,1,True,True
2026-07-19,op_005,34220,7792,99922,65902,1,True,True
2026-07-20,op_005,34806,7297,115904,95377,1,True,True
2026-07-21,op_005,45501,8120,175240,160196,1,True,True
2026-07-22,op_005,30941,6038,105067,67011,1,True,True
2026-07-23,op_005,30465,6158,106357,75529,1,True,True
2026-07-24,op_005,71213,13776,262443,253698,1,True,True
2026-07-25,op_005,33631,5794,96525,84000,1,True,True
2026-07-26,op_005,30851,5698,116436,100472,1,True,True
2026-07-27,op_005,17725,3140,52132,48834,1,True,True
2026-07-28,op_005,27719,4783,102827,96378,1,True,True
2026-07-29,op_005,20849,4645,77556,62675,1,True,True
2026-07-30,op_005,16758,3637,65438,46319,1,True,True
2026-07-01,op_006,0,0,0,0,1,True,True
2026-07-02,op_006,0,0,0,0,1,True,True
2026-07-03,op_006,0,0,0,0,1,True,True
2026-07-04,op_006,8240,4189,82795,174368,1,True,True
2026-07-05,op_006,7623,3785,100522,207447,1,True,True
2026-07-06,op_006,12100,5834,164591,350434,1,True,True
2026-07-07,op_006,0,0,0,0,1,True,True
2026-07-08,op_006,9870,5259,97625,188676,1,True,True
2026-07-09,op_006,7150,3741,94542,127926,1,True,True
2026-07-10,op_006,10210,5771,108188,221700,1,True,True
2026-07-11,op_006,0,0,0,0,1,True,True
2026-07-12,op_006,0,0,0,0,1,True,True
2026-07-13,op_006,9030,4654,118058,252505,1,True,True
2026-07-14,op_006,6447,3114,66382,97929,1,True,True
2026-07-15,op_006,0,0,0,0,1,True,True
2026-07-16,op_006,15223,6552,211940,340712,1,True,True
2026-07-17,op_006,9261,5035,116601,196505,1,True,True
2026-07-18,op_006,8318,3711,107749,242093,1,True,True
2026-07-19,op_006,9681,4998,126661,251603,1,True,True
2026-07-20,op_006,8155,4667,111098,207369,1,True,True
2026-07-21,op_006,10661,5378,117756,258610,1,True,True
2026-07-22,op_006,0,0,0,0,1,True,True
2026-07-23,op_006,10359,5275,122096,183369,1,True,True
2026-07-24,op_006,0,0,0,0,1,True,True
2026-07-25,op_006,8164,4688,111840,244825,1,True,True
2026-07-26,op_006,0,0,0,0,1,True,True
2026-07-27,op_006,5682,2725,77420,166882,1,True,True
2026-07-28,op_006,9810,4273,112923,214154,1,True,True
2026-07-29,op_006,7419,3858,91120,159467,1,True,True
2026-07-30,op_006,0,0,0,0,1,True,True
2026-07-01,op_007,3403,1979,55342,85956,1,True,True
2026-07-02,op_007,2717,1977,54672,90003,1,True,True
2026-07-03,op_007,3800,2734,69789,119979,1,True,True
2026-07-04,op_007,2473,1458,44101,72129,1,True,True
2026-07-05,op_007,3702,2241,60962,104223,1,True,True
2026-07-06,op_007,3195,2373,48244,83289,1,True,True
2026-07-07,op_007,3423,2058,54243,64926,1,True,True
2026-07-08,op_007,3399,2414,57701,70701,1,True,True
2026-07-09,op_007,3155,2243,49300,84846,1,True,True
2026-07-10,op_007,2461,1444,45674,80903,1,True,True
2026-07-11,op_007,4930,2901,77448,110408,1,True,True
2026-07-12,op_007,3288,2060,49292,61774,1,True,True
2026-07-13,op_007,2519,1835,43665,68784,1,True,True
2026-07-14,op_007,4137,2595,86268,129442,1,True,True
2026-07-15,op_007,4021,2447,66390,108552,1,True,True
2026-07-16,op_007,3660,2701,57599,66695,1,True,True
2026-07-17,op_007,3190,2285,54031,86938,1,True,True
2026-07-18,op_007,4102,2804,82018,114884,1,True,True
2026-07-19,op_007,3770,2364,72582,119910,1,True,True
2026-07-20,op_007,3064,2047,57236,100301,1,True,True
2026-07-21,op_007,4714,2732,75543,90311,1,True,True
2026-07-22,op_007,3452,2193,69545,103886,1,True,True
2026-07-23,op_007,3228,2324,59993,84869,1,True,True
2026-07-24,op_007,3781,2652,77211,125656,1,True,True
2026-07-25,op_007,0,0,0,0,1,True,True
2026-07-26,op_007,3053,2260,59197,70824,1,True,True
2026-07-27,op_007,4405,2840,89888,103787,1,True,True
2026-07-28,op_007,2825,1579,43140,51943,1,True,True
2026-07-29,op_007,3180,2330,50222,70078,1,True,True
2026-07-30,op_007,3145,1785,55411,70069,1,True,True
2026-07-01,op_008,14372,7366,142700,245105,1,True,True
2026-07-02,op_008,7121,3511,92549,152627,1,True,True
2026-07-03,op_008,6378,2711,66533,121575,1,True,True
2026-07-04,op_008,8701,4763,100051,135941,1,True,True
2026-07-05,op_008,8158,4236,101994,196474,1,True,True
2026-07-06,op_008,13045,6509,147465,287619,1,True,True
2026-07-07,op_008,10577,5717,110140,173077,1,True,True
2026-07-08,op_008,0,0,0,0,1,True,True
2026-07-09,op_008,10345,4409,110475,159941,1,True,True
2026-07-10,op_008,8172,4518,112413,232820,1,True,True
2026-07-11,op_008,12411,7076,123710,216482,1,True,True
2026-07-12,op_008,10655,4807,139763,192493,1,True,True
2026-07-13,op_008,13256,7147,182414,288032,1,True,True
2026-07-14,op_008,8150,3749,100434,191856,1,True,True
2026-07-15,op_008,10513,5003,130489,224659,1,True,True
2026-07-16,op_008,12303,5977,133288,232069,1,True,True
2026-07-17,op_008,8868,4659,91244,147177,1,True,True
2026-07-18,op_008,7654,4397,101800,177777,1,True,True
2026-07-19,op_008,7855,3859,82957,127062,1,True,True
2026-07-20,op_008,7471,3835,94747,187983,1,True,True
2026-07-21,op_008,8058,3811,95833,206119,1,True,True
2026-07-22,op_008,8535,3674,116581,220891,1,True,True
2026-07-23,op_008,0,0,0,0,1,True,True
2026-07-24,op_008,8611,4367,95755,158315,1,True,True
2026-07-25,op_008,8317,3819,92957,184322,1,True,True
2026-07-26,op_008,10842,6011,151031,244104,1,True,True
2026-07-27,op_008,8003,4188,113094,183904,1,True,True
2026-07-28,op_008,7435,3619,81772,120848,1,True,True
2026-07-29,op_008,7840,3937,104485,150666,1,True,True
2026-07-30,op_008,8356,3662,106566,196903,1,True,True
2026-07-01,op_009,8542,2965,42464,54271,1,True,True
2026-07-02,op_009,11631,4653,64230,65970,1,True,True
2026-07-03,op_009,10867,3989,81656,92399,1,True,True
2026-07-04,op_009,0,0,0,0,1,True,True
2026-07-05,op_009,13897,5913,91989,127891,1,True,True
2026-07-06,op_009,0,0,0,0,1,True,True
2026-07-07,op_009,14260,6051,109728,118356,1,True,True
2026-07-08,op_009,7286,3243,61887,55929,1,True,True
2026-07-09,op_009,0,0,0,0,1,True,True
2026-07-10,op_009,12721,5735,126429,178042,1,True,True
2026-07-11,op_009,7019,2719,81898,94786,1,True,True
2026-07-12,op_009,0,0,0,0,1,True,True
2026-07-13,op_009,7016,2986,64350,79160,1,True,True
2026-07-14,op_009,5214,2446,68592,68435,1,True,True
2026-07-15,op_009,0,0,0,0,1,True,True
2026-07-16,op_009,9541,4905,109165,120169,1,True,True
2026-07-17,op_009,8096,4042,94748,134785,1,True,True
2026-07-18,op_009,11999,5988,134447,189410,1,True,True
2026-07-19,op_009,7455,3225,108952,100548,1,True,True
2026-07-20,op_009,10797,4555,155688,182960,1,True,True
2026-07-21,op_009,0,0,0,0,1,True,True
2026-07-22,op_009,0,0,0,0,1,True,True
2026-07-23,op_009,10257,4971,164254,177078,1,True,True
2026-07-24,op_009,10574,4804,166088,228587,1,True,True
2026-07-25,op_009,13994,6982,224312,280703,1,True,True
2026-07-26,op_009,0,0,0,0,1,True,True
2026-07-27,op_009,9262,5061,162913,239874,1,True,True
2026-07-28,op_009,0,0,0,0,1,True,True
2026-07-29,op_009,6274,3398,117122,108865,1,True,True
2026-07-30,op_009,9826,4634,149738,201467,1,True,True
2026-07-01,op_010,28051,15126,249249,373964,1,True,True
2026-07-02,op_010,25142,14172,283885,478735,1,True,True
2026-07-03,op_010,11960,6866,139736,307157,1,True,True
2026-07-04,op_010,12504,7572,138702,239540,1,True,True
2026-07-05,op_010,0,0,0,0,1,True,True
2026-07-06,op_010,7738,3813,70441,154609,1,True,True
2026-07-07,op_010,13844,8099,157046,256956,1,True,True
2026-07-08,op_010,0,0,0,0,1,True,True
2026-07-09,op_010,21737,10988,179238,256696,1,True,True
2026-07-10,op_010,10394,6173,120828,261620,1,True,True
2026-07-11,op_010,14110,6662,139374,193395,1,True,True
2026-07-12,op_010,14453,8923,165371,266379,1,True,True
2026-07-13,op_010,0,0,0,0,1,True,True
2026-07-14,op_010,20658,10119,176701,366408,1,True,True
2026-07-15,op_010,27273,13223,304786,578011,1,True,True
2026-07-16,op_010,0,0,0,0,1,True,True
2026-07-17,op_010,12636,7915,120561,175860,1,True,True
2026-07-18,op_010,19402,11480,180975,290513,1,True,True
2026-07-19,op_010,13132,8006,124752,175951,1,True,True
2026-07-20,op_010,32201,16976,356798,575019,1,True,True
2026-07-21,op_010,11172,6256,131812,267219,1,True,True
2026-07-22,op_010,18707,11054,189894,394176,1,True,True
2026-07-23,op_010,18608,11672,166075,228290,1,True,True
2026-07-24,op_010,9485,4982,79307,109386,1,True,True
2026-07-25,op_010,10425,5070,108424,192129,1,True,True
2026-07-26,op_010,12767,6119,140576,265823,1,True,True
2026-07-27,op_010,0,0,0,0,1,True,True
2026-07-28,op_010,7678,4123,81635,182445,1,True,True
2026-07-29,op_010,0,0,0,0,1,True,True
2026-07-30,op_010,9870,5164,111702,209566,1,True,True
2026-07-01,op_011,8811,5479,290661,980950,1,True,True
2026-07-02,op_011,9854,5269,259853,997130,1,True,True
2026-07-03,op_011,0,0,0,0,1,True,True
2026-07-04,op_011,8489,4985,241694,831475,1,True,True
2026-07-05,op_011,7965,4452,271024,1132329,1,True,True
2026-07-06,op_011,7303,3829,202398,634024,1,True,True
2026-07-07,op_011,5900,3032,164391,581242,1,True,True
2026-07-08,op_011,9537,4753,281226,1224365,1,True,True
2026-07-09,op_011,0,0,0,0,1,True,True
2026-07-10,op_011,7861,4044,246989,1211137,1,True,True
2026-07-11,op_011,10768,5034,308246,1013705,1,True,True
2026-07-12,op_011,13287,6633,410565,1371189,1,True,True
2026-07-13,op_011,0,0,0,0,1,True,True
2026-07-14,op_011,8353,4741,229618,787142,1,True,True
2026-07-15,op_011,0,0,0,0,1,True,True
2026-07-16,op_011,0,0,0,0,1,True,True
2026-07-17,op_011,6318,3567,204766,802554,1,True,True
2026-07-18,op_011,8540,4749,223404,808227,1,True,True
2026-07-19,op_011,8447,5259,243184,932675,1,True,True
2026-07-20,op_011,6777,3295,191400,763534,1,True,True
2026-07-21,op_011,0,0,0,0,1,True,True
2026-07-22,op_011,9024,4618,240474,870454,1,True,True
2026-07-23,op_011,10217,5956,355107,1479598,1,True,True
2026-07-24,op_011,8076,4236,275782,1179928,1,True,True
2026-07-25,op_011,9620,5377,289303,1436564,1,True,True
2026-07-26,op_011,11432,6714,304296,1170132,1,True,True
2026-07-27,op_011,0,0,0,0,1,True,True
2026-07-28,op_011,7640,3610,217474,899457,1,True,True
2026-07-29,op_011,7458,4270,191551,892268,1,True,True
2026-07-30,op_011,8543,5142,224349,826444,1,True,True
2026-07-01,op_012,6912,4202,59270,82956,1,True,True
2026-07-02,op_012,8194,5077,67538,143875,1,True,True
2026-07-03,op_012,15252,7462,143610,252195,1,True,True
2026-07-04,op_012,4528,2227,46528,102121,1,True,True
2026-07-05,op_012,6622,3980,71479,113597,1,True,True
2026-07-06,op_012,15627,8770,131065,223458,1,True,True
2026-07-07,op_012,19906,12065,192762,310817,1,True,True
2026-07-08,op_012,11678,6623,133562,185635,1,True,True
2026-07-09,op_012,8337,4239,85619,121627,1,True,True
2026-07-10,op_012,8957,4920,103035,224873,1,True,True
2026-07-11,op_012,7950,4241,90108,171749,1,True,True
2026-07-12,op_012,13365,6436,145424,270899,1,True,True
2026-07-13,op_012,8683,4868,76901,138773,1,True,True
2026-07-14,op_012,13961,7308,122032,251432,1,True,True
2026-07-15,op_012,20253,12686,209196,421896,1,True,True
2026-07-16,op_012,13682,6450,112698,154782,1,True,True
2026-07-17,op_012,21666,11662,198860,407954,1,True,True
2026-07-18,op_012,13717,7327,140535,278805,1,True,True
2026-07-19,op_012,10296,5415,107327,150605,1,True,True
2026-07-20,op_012,16637,9370,193763,309542,1,True,True
2026-07-21,op_012,9681,4627,99505,211696,1,True,True
2026-07-22,op_012,0,0,0,0,1,True,True
2026-07-23,op_012,9211,4600,88454,194790,1,True,True
2026-07-24,op_012,14451,6900,141291,313405,1,True,True
2026-07-25,op_012,13929,8556,149674,297893,1,True,True
2026-07-26,op_012,8009,4639,72557,105619,1,True,True
2026-07-27,op_012,11196,6581,116692,183443,1,True,True
2026-07-28,op_012,13414,6625,113242,163886,1,True,True
2026-07-29,op_012,10026,4756,89432,179588,1,True,True
2026-07-30,op_012,15663,7692,178073,375017,1,True,True
2026-07-01,op_013,88654,15974,292121,255538,1,True,True
2026-07-02,op_013,43647,8099,134881,129333,1,True,True
2026-07-03,op_013,0,0,0,0,1,True,True
2026-07-04,op_013,25920,4603,84301,51425,1,True,True
2026-07-05,op_013,25799,5586,101961,91061,1,True,True
2026-07-06,op_013,0,0,0,0,1,True,True
2026-07-07,op_013,39001,7320,155041,104054,1,True,True
2026-07-08,op_013,0,0,0,0,1,True,True
2026-07-09,op_013,0,0,0,0,1,True,True
2026-07-10,op_013,34103,7740,109507,86702,1,True,True
2026-07-11,op_013,25154,4682,73108,67106,1,True,True
2026-07-12,op_013,36010,7591,111404,103159,1,True,True
2026-07-13,op_013,43714,9887,175997,118999,1,True,True
2026-07-14,op_013,0,0,0,0,1,True,True
2026-07-15,op_013,29866,5139,98212,87148,1,True,True
2026-07-16,op_013,19457,4116,71879,66547,1,True,True
2026-07-17,op_013,35206,6286,103293,73692,1,True,True
2026-07-18,op_013,35724,8007,118417,104789,1,True,True
2026-07-19,op_013,0,0,0,0,1,True,True
2026-07-20,op_013,0,0,0,0,1,True,True
2026-07-21,op_013,50276,10696,144670,110439,1,True,True
2026-07-22,op_013,28576,5289,93916,60332,1,True,True
2026-07-23,op_013,31185,7167,109959,73330,1,True,True
2026-07-24,op_013,27065,6021,80089,78978,1,True,True
2026-07-25,op_013,38658,7011,125359,87735,1,True,True
2026-07-26,op_013,33723,7357,107857,93041,1,True,True
2026-07-27,op_013,47309,9408,170135,102967,1,True,True
2026-07-28,op_013,0,0,0,0,1,True,True
2026-07-29,op_013,35229,7174,107851,83657,1,True,True
2026-07-30,op_013,39524,7716,116441,93741,1,True,True
2026-07-01,op_014,6196,2992,87061,167871,1,True,True
2026-07-02,op_014,8507,4443,91984,134864,1,True,True
2026-07-03,op_014,17467,8604,218682,490373,1,True,True
2026-07-04,op_014,6635,3735,67813,145906,1,True,True
2026-07-05,op_014,9579,4804,123499,247118,1,True,True
2026-07-06,op_014,0,0,0,0,1,True,True
2026-07-07,op_014,8367,3624,116889,253683,1,True,True
2026-07-08,op_014,10883,5451,152696,309213,1,True,True
2026-07-09,op_014,7203,3262,91343,132301,1,True,True
2026-07-10,op_014,7357,3183,96320,169704,1,True,True
2026-07-11,op_014,6870,3768,91412,175342,1,True,True
2026-07-12,op_014,8833,4133,88333,165991,1,True,True
2026-07-13,op_014,0,0,0,0,1,True,True
2026-07-14,op_014,11724,6171,115687,200969,1,True,True
2026-07-15,op_014,0,0,0,0,1,True,True
2026-07-16,op_014,10190,4407,134589,237493,1,True,True
2026-07-17,op_014,6903,3817,95586,144817,1,True,True
2026-07-18,op_014,10452,5884,135872,194596,1,True,True
2026-07-19,op_014,9068,3950,93375,156248,1,True,True
2026-07-20,op_014,8982,5004,95544,129521,1,True,True
2026-07-21,op_014,8778,4095,119932,219497,1,True,True
2026-07-22,op_014,0,0,0,0,1,True,True
2026-07-23,op_014,0,0,0,0,1,True,True
2026-07-24,op_014,7183,4014,97261,157244,1,True,True
2026-07-25,op_014,9517,5275,117419,242468,1,True,True
2026-07-26,op_014,0,0,0,0,1,True,True
2026-07-27,op_014,11437,6522,144444,283412,1,True,True
2026-07-28,op_014,9911,5272,126335,216554,1,True,True
2026-07-29,op_014,9791,5226,103294,201679,1,True,True
2026-07-30,op_014,9953,5126,98736,188600,1,True,True
2026-07-01,op_015,7035,3150,88671,183601,1,True,True
2026-07-02,op_015,8114,4344,112776,156135,1,True,True
2026-07-03,op_015,9796,4185,106108,148068,1,True,True
2026-07-04,op_015,8263,3600,90775,125416,1,True,True
2026-07-05,op_015,0,0,0,0,1,True,True
2026-07-06,op_015,7499,3216,96646,154138,1,True,True
2026-07-07,op_015,7209,3885,73321,145236,1,True,True
2026-07-08,op_015,12886,6694,133395,252412,1,True,True
2026-07-09,op_015,8573,4631,101612,150657,1,True,True
2026-07-10,op_015,12278,5630,137513,205892,1,True,True
2026-07-11,op_015,6583,3241,78335,151914,1,True,True
2026-07-12,op_015,0,0,0,0,1,True,True
2026-07-13,op_015,14436,8278,184816,353651,1,True,True
2026-07-14,op_015,9954,4406,105675,237108,1,True,True
2026-07-15,op_015,10344,4875,130878,251023,1,True,True
2026-07-16,op_015,9870,5541,125157,195198,1,True,True
2026-07-17,op_015,10871,4917,151007,254756,1,True,True
2026-07-18,op_015,8359,4152,103719,162220,1,True,True
2026-07-19,op_015,5894,2707,78729,112920,1,True,True
2026-07-20,op_015,6606,3638,92452,178536,1,True,True
2026-07-21,op_015,7066,3169,81806,151736,1,True,True
2026-07-22,op_015,0,0,0,0,1,True,True
2026-07-23,op_015,8447,4389,93282,134590,1,True,True
2026-07-24,op_015,7306,4133,75317,117406,1,True,True
2026-07-25,op_015,0,0,0,0,1,True,True
2026-07-26,op_015,10600,5328,148453,282481,1,True,True
2026-07-27,op_015,9276,4180,124616,202796,1,True,True
2026-07-28,op_015,7925,3423,87794,167082,1,True,True
2026-07-29,op_015,9563,4839,131206,210226,1,True,True
2026-07-30,op_015,9696,4685,123923,262323,1,True,True
2026-07-01,op_016,2570,1857,51553,63203,1,True,True
2026-07-02,op_016,0,0,0,0,1,True,True
2026-07-03,op_016,2887,1723,51926,90370,1,True,True
2026-07-04,op_016,3641,2366,69308,115923,1,True,True
2026-07-05,op_016,0,0,0,0,1,True,True
2026-07-06,op_016,3298,2289,66291,76622,1,True,True
2026-07-07,op_016,2650,1902,41012,59248,1,True,True
2026-07-08,op_016,3701,2715,56520,90790,1,True,True
2026-07-09,op_016,3412,2398,61132,107309,1,True,True
2026-07-10,op_016,3577,2024,56002,90604,1,True,True
2026-07-11,op_016,0,0,0,0,1,True,True
2026-07-12,op_016,3758,2698,74772,132069,1,True,True
2026-07-13,op_016,3630,2384,57669,72375,1,True,True
2026-07-14,op_016,3464,2583,62764,76182,1,True,True
2026-07-15,op_016,3838,2324,67352,108694,1,True,True
2026-07-16,op_016,3481,2055,61130,103781,1,True,True
2026-07-17,op_016,0,0,0,0,1,True,True
2026-07-18,op_016,4082,2695,62877,108591,1,True,True
2026-07-19,op_016,4653,2649,91650,115769,1,True,True
2026-07-20,op_016,0,0,0,0,1,True,True
2026-07-21,op_016,3298,2423,60916,94486,1,True,True
2026-07-22,op_016,3454,2093,69378,89974,1,True,True
2026-07-23,op_016,2726,1877,45764,80453,1,True,True
2026-07-24,op_016,3778,2364,70094,111448,1,True,True
2026-07-25,op_016,3871,2755,78820,131805,1,True,True
2026-07-26,op_016,2984,1713,50612,61741,1,True,True
2026-07-27,op_016,5118,3250,101864,180811,1,True,True
2026-07-28,op_016,3611,2595,74183,124700,1,True,True
2026-07-29,op_016,5900,3903,112249,201254,1,True,True
2026-07-30,op_016,3495,2044,54717,89053,1,True,True
2026-07-01,op_017,5337,1966,150192,430255,1,True,True
2026-07-02,op_017,5937,2474,145221,456305,1,True,True
2026-07-03,op_017,5779,2143,113813,304011,1,True,True
2026-07-04,op_017,6523,2570,149202,454019,1,True,True
2026-07-05,op_017,6435,2687,175288,574751,1,True,True
2026-07-06,op_017,6766,2454,182684,631568,1,True,True
2026-07-07,op_017,6770,2625,178889,427495,1,True,True
2026-07-08,op_017,0,0,0,0,1,True,True
2026-07-09,op_017,6010,2358,166618,443982,1,True,True
2026-07-10,op_017,6823,2929,146635,484020,1,True,True
2026-07-11,op_017,8426,2764,173868,403673,1,True,True
2026-07-12,op_017,5575,2367,136602,403804,1,True,True
2026-07-13,op_017,6493,2123,137515,376685,1,True,True
2026-07-14,op_017,5467,2015,148789,328007,1,True,True
2026-07-15,op_017,7138,2690,142478,455003,1,True,True
2026-07-16,op_017,6968,2257,178249,410010,1,True,True
2026-07-17,op_017,6742,2189,181131,478025,1,True,True
2026-07-18,op_017,6318,2048,135281,352710,1,True,True
2026-07-19,op_017,6106,2180,172544,448588,1,True,True
2026-07-20,op_017,6164,2186,126795,309896,1,True,True
2026-07-21,op_017,5533,1955,152466,402882,1,True,True
2026-07-22,op_017,7760,3374,161078,411156,1,True,True
2026-07-23,op_017,6848,2829,187310,544294,1,True,True
2026-07-24,op_017,5656,2347,148111,338966,1,True,True
2026-07-25,op_017,6486,2332,179542,538880,1,True,True
2026-07-26,op_017,6444,2696,138383,375351,1,True,True
2026-07-27,op_017,6272,2125,136539,323365,1,True,True
2026-07-28,op_017,5994,1979,145241,423167,1,True,True
2026-07-29,op_017,8100,3483,168316,437297,1,True,True
2026-07-30,op_017,0,0,0,0,1,True,True
2026-07-01,op_018,25041,4454,83710,61184,1,True,True
2026-07-02,op_018,37483,7010,107689,100598,1,True,True
2026-07-03,op_018,22998,4728,85669,80882,1,True,True
2026-07-04,op_018,27770,5135,108847,94292,1,True,True
2026-07-05,op_018,32150,7057,132695,125327,1,True,True
2026-07-06,op_018,0,0,0,0,1,True,True
2026-07-07,op_018,30603,5587,95819,95328,1,True,True
2026-07-08,op_018,67381,13302,223824,148069,1,True,True
2026-07-09,op_018,41123,7190,158505,112426,1,True,True
2026-07-10,op_018,76069,15764,247638,244673,1,True,True
2026-07-11,op_018,28502,5213,96908,92000,1,True,True
2026-07-12,op_018,20411,3798,83435,57413,1,True,True
2026-07-13,op_018,29286,6553,87070,74292,1,True,True
2026-07-14,op_018,28490,5285,114054,73911,1,True,True
2026-07-15,op_018,28316,6061,108106,85638,1,True,True
2026-07-16,op_018,44885,7712,140600,116451,1,True,True
2026-07-17,op_018,39074,7723,136061,98370,1,True,True
2026-07-18,op_018,40763,7248,117340,76070,1,True,True
2026-07-19,op_018,0,0,0,0,1,True,True
2026-07-20,op_018,23836,5271,85551,83032,1,True,True
2026-07-21,op_018,27128,5381,102924,83815,1,True,True
2026-07-22,op_018,22255,4573,76552,67426,1,True,True
2026-07-23,op_018,41715,7477,142979,103449,1,True,True
2026-07-24,op_018,38997,7999,114854,91660,1,True,True
2026-07-25,op_018,66389,15231,190751,144744,1,True,True
2026-07-26,op_018,33080,7074,125678,107729,1,True,True
2026-07-27,op_018,44361,9270,162460,152874,1,True,True
2026-07-28,op_018,27972,6263,87892,81550,1,True,True
2026-07-29,op_018,20179,3538,63961,63675,1,True,True
2026-07-30,op_018,25349,4724,86901,56275,1,True,True
2026-07-01,op_019,3407,2458,59990,110374,1,True,True
2026-07-02,op_019,2563,1780,40169,58490,1,True,True
2026-07-03,op_019,5007,3483,82315,150094,1,True,True
2026-07-04,op_019,3541,2513,64049,75503,1,True,True
2026-07-05,op_019,3089,1911,60904,75073,1,True,True
2026-07-06,op_019,2992,2036,52660,97480,1,True,True
2026-07-07,op_019,2950,1766,52361,91044,1,True,True
2026-07-08,op_019,3040,2013,60370,78515,1,True,True
2026-07-09,op_019,3900,2434,61506,73636,1,True,True
2026-07-10,op_019,2733,1662,46997,66534,1,True,True
2026-07-11,op_019,3368,1991,58876,80699,1,True,True
2026-07-12,op_019,3355,1854,61522,104510,1,True,True
2026-07-13,op_019,3261,2424,60312,95777,1,True,True
2026-07-14,op_019,2820,1832,44822,78023,1,True,True
2026-07-15,op_019,3528,2320,60264,91361,1,True,True
2026-07-16,op_019,3103,2113,51107,59700,1,True,True
2026-07-17,op_019,3980,2761,62601,108670,1,True,True
2026-07-18,op_019,3501,2493,72501,87827,1,True,True
2026-07-19,op_019,3393,2379,56781,98264,1,True,True
2026-07-20,op_019,0,0,0,0,1,True,True
2026-07-21,op_019,0,0,0,0,1,True,True
2026-07-22,op_019,4684,3292,96765,124629,1,True,True
2026-07-23,op_019,3837,2342,66074,91928,1,True,True
2026-07-24,op_019,3458,2535,68060,117529,1,True,True
2026-07-25,op_019,3321,2231,54028,72723,1,True,True
2026-07-26,op_019,3637,2648,65621,121139,1,True,True
2026-07-27,op_019,3937,2720,79493,146283,1,True,True
2026-07-28,op_019,4345,3073,89524,122194,1,True,True
2026-07-29,op_019,3729,2308,62174,93366,1,True,True
2026-07-30,op_019,4760,3443,99481,142011,1,True,True
2026-07-01,op_020,19035,3383,75182,48826,1,True,True
2026-07-02,op_020,41156,8569,129846,124292,1,True,True
2026-07-03,op_020,29533,6193,112364,87982,1,True,True
2026-07-04,op_020,25615,4895,79088,59832,1,True,True
2026-07-05,op_020,0,0,0,0,1,True,True
2026-07-06,op_020,0,0,0,0,1,True,True
2026-07-07,op_020,0,0,0,0,1,True,True
2026-07-08,op_020,45216,9190,172547,133649,1,True,True
2026-07-09,op_020,43784,8684,147911,91780,1,True,True
2026-07-10,op_020,0,0,0,0,1,True,True
2026-07-11,op_020,0,0,0,0,1,True,True
2026-07-12,op_020,25205,5762,85037,62999,1,True,True
2026-07-13,op_020,18745,3324,73300,55522,1,True,True
2026-07-14,op_020,40469,8211,162490,158118,1,True,True
2026-07-15,op_020,56110,11054,204887,147111,1,True,True
2026-07-16,op_020,30851,5378,106482,102718,1,True,True
2026-07-17,op_020,37935,8232,146268,100340,1,True,True
2026-07-18,op_020,21116,4754,66058,42640,1,True,True
2026-07-19,op_020,40367,7806,139952,99606,1,True,True
2026-07-20,op_020,17967,4060,66525,48438,1,True,True
2026-07-21,op_020,19788,3371,73349,66797,1,True,True
2026-07-22,op_020,47618,8719,158226,151857,1,True,True
2026-07-23,op_020,60094,12300,177655,165391,1,True,True
2026-07-24,op_020,27432,5997,93617,74697,1,True,True
2026-07-25,op_020,36724,7984,106527,65883,1,True,True
2026-07-26,op_020,29345,6257,119667,104601,1,True,True
2026-07-27,op_020,37941,6995,137154,115899,1,True,True
2026-07-28,op_020,66826,14104,246682,203988,1,True,True
2026-07-29,op_020,26230,5301,104552,103974,1,True,True
2026-07-30,op_020,66909,14134,195531,147016,1,True,True
2026-07-01,op_021,22373,3977,72999,71761,1,True,True
2026-07-02,op_021,23207,4729,69141,65193,1,True,True
2026-07-03,op_021,0,0,0,0,1,True,True
2026-07-04,op_021,22225,4019,77855,66738,1,True,True
2026-07-05,op_021,20877,4797,82657,50154,1,True,True
2026-07-06,op_021,34758,6755,103540,64888,1,True,True
2026-07-07,op_021,23736,4616,80231,51578,1,True,True
2026-07-08,op_021,48568,9248,154750,137016,1,True,True
2026-07-09,op_021,22661,4036,91236,83351,1,True,True
2026-07-10,op_021,33612,6295,111966,86388,1,True,True
2026-07-11,op_021,27007,5454,82689,50457,1,True,True
2026-07-12,op_021,21512,3874,88164,74820,1,True,True
2026-07-13,op_021,44100,8488,173549,151722,1,True,True
2026-07-14,op_021,55044,11558,182801,177560,1,True,True
2026-07-15,op_021,43256,8362,166619,162529,1,True,True
2026-07-16,op_021,28193,4863,88225,79797,1,True,True
2026-07-17,op_021,19804,3893,62713,51022,1,True,True
2026-07-18,op_021,31321,6051,116147,92424,1,True,True
2026-07-19,op_021,26517,4908,102881,96139,1,True,True
2026-07-20,op_021,27744,5910,86591,68010,1,True,True
2026-07-21,op_021,27450,5700,107543,66853,1,True,True
2026-07-22,op_021,0,0,0,0,1,True,True
2026-07-23,op_021,56113,10370,224396,135017,1,True,True
2026-07-24,op_021,86989,15722,251976,198030,1,True,True
2026-07-25,op_021,25004,4281,99993,77303,1,True,True
2026-07-26,op_021,26714,5856,97467,80556,1,True,True
2026-07-27,op_021,18400,3486,66104,52537,1,True,True
2026-07-28,op_021,0,0,0,0,1,True,True
2026-07-29,op_021,26109,5979,77801,67731,1,True,True
2026-07-30,op_021,21579,4901,75237,67240,1,True,True
2026-07-01,op_022,0,0,0,0,1,True,True
2026-07-02,op_022,12859,8777,228978,345180,1,True,True
2026-07-03,op_022,9538,7324,134745,249968,1,True,True
2026-07-04,op_022,12449,7975,225161,379961,1,True,True
2026-07-05,op_022,10073,7537,147807,368987,1,True,True
2026-07-06,op_022,8149,5227,116628,241979,1,True,True
2026-07-07,op_022,8325,5192,149215,272140,1,True,True
2026-07-08,op_022,8512,4705,109367,184006,1,True,True
2026-07-09,op_022,8511,5463,104416,166113,1,True,True
2026-07-10,op_022,7638,4305,102112,155469,1,True,True
2026-07-11,op_022,13666,7576,214629,536112,1,True,True
2026-07-12,op_022,11537,6387,164657,349178,1,True,True
2026-07-13,op_022,11560,6515,168842,372491,1,True,True
2026-07-14,op_022,11671,7277,158176,305002,1,True,True
2026-07-15,op_022,0,0,0,0,1,True,True
2026-07-16,op_022,13129,7408,167681,368185,1,True,True
2026-07-17,op_022,10715,6301,122039,246488,1,True,True
2026-07-18,op_022,7489,4206,80797,122335,1,True,True
2026-07-19,op_022,13880,6929,137270,287314,1,True,True
2026-07-20,op_022,11835,5519,114860,248295,1,True,True
2026-07-21,op_022,7442,3285,85758,190443,1,True,True
2026-07-22,op_022,10955,5116,112332,168625,1,True,True
2026-07-23,op_022,0,0,0,0,1,True,True
2026-07-24,op_022,13644,5901,121186,225643,1,True,True
2026-07-25,op_022,9427,3821,70511,120564,1,True,True
2026-07-26,op_022,13692,5215,103260,230315,1,True,True
2026-07-27,op_022,12610,5257,98808,218358,1,True,True
2026-07-28,op_022,0,0,0,0,1,True,True
2026-07-29,op_022,10949,4541,75363,164656,1,True,True
2026-07-30,op_022,9404,4113,59998,93622,1,True,True
2026-07-01,op_023,0,0,0,0,1,True,True
2026-07-02,op_023,0,0,0,0,1,True,True
2026-07-03,op_023,9628,3847,54080,77071,1,True,True
2026-07-04,op_023,7388,2358,45466,47625,1,True,True
2026-07-05,op_023,0,0,0,0,1,True,True
2026-07-06,op_023,7465,2863,61187,57604,1,True,True
2026-07-07,op_023,11307,3900,92746,119222,1,True,True
2026-07-08,op_023,7683,3415,77083,104534,1,True,True
2026-07-09,op_023,7821,2882,74470,90159,1,True,True
2026-07-10,op_023,15282,7087,169442,218848,1,True,True
2026-07-11,op_023,11061,5214,105288,144614,1,True,True
2026-07-12,op_023,7754,2796,81783,90623,1,True,True
2026-07-13,op_023,6196,2988,75503,106169,1,True,True
2026-07-14,op_023,9244,4535,86257,124180,1,True,True
2026-07-15,op_023,9318,4665,108388,112523,1,True,True
2026-07-16,op_023,0,0,0,0,1,True,True
2026-07-17,op_023,12029,6132,152641,139849,1,True,True
2026-07-18,op_023,8061,3893,94353,117680,1,True,True
2026-07-19,op_023,8002,3542,112174,141538,1,True,True
2026-07-20,op_023,0,0,0,0,1,True,True
2026-07-21,op_023,12725,6832,188009,228040,1,True,True
2026-07-22,op_023,4368,1831,66804,85522,1,True,True
2026-07-23,op_023,7015,3151,100385,93987,1,True,True
2026-07-24,op_023,9033,5073,164265,188575,1,True,True
2026-07-25,op_023,12860,6085,231724,305966,1,True,True
2026-07-26,op_023,14373,6862,230951,339512,1,True,True
2026-07-27,op_023,0,0,0,0,1,True,True
2026-07-28,op_023,0,0,0,0,1,True,True
2026-07-29,op_023,9184,4239,185899,278790,1,True,True
2026-07-30,op_023,9778,4907,156574,163730,1,True,True
2026-07-01,op_024,0,0,0,0,1,True,True
2026-07-02,op_024,0,0,0,0,1,True,True
2026-07-03,op_024,9158,4018,126888,263046,1,True,True
2026-07-04,op_024,9438,4013,94521,150979,1,True,True
2026-07-05,op_024,10877,5742,121073,186751,1,True,True
2026-07-06,op_024,9431,4205,132122,253515,1,True,True
2026-07-07,op_024,13105,7421,159936,265011,1,True,True
2026-07-08,op_024,8261,4139,112993,226536,1,True,True
2026-07-09,op_024,9885,4617,124362,266549,1,True,True
2026-07-10,op_024,10086,5300,127224,236538,1,True,True
2026-07-11,op_024,7782,4413,80466,172975,1,True,True
2026-07-12,op_024,7135,3511,90084,146673,1,True,True
2026-07-13,op_024,8664,4392,117024,230954,1,True,True
2026-07-14,op_024,8119,3506,113930,154724,1,True,True
2026-07-15,op_024,10071,4889,127789,196598,1,True,True
2026-07-16,op_024,11468,4885,136245,218317,1,True,True
2026-07-17,op_024,6805,3210,74452,166238,1,True,True
2026-07-18,op_024,7234,4133,86510,140097,1,True,True
2026-07-19,op_024,7710,3558,100319,138452,1,True,True
2026-07-20,op_024,10114,4841,127627,180243,1,True,True
2026-07-21,op_024,10678,5691,148527,231691,1,True,True
2026-07-22,op_024,16131,7223,172148,291699,1,True,True
2026-07-23,op_024,11342,6167,146423,257062,1,True,True
2026-07-24,op_024,10013,5410,113357,192285,1,True,True
2026-07-25,op_024,10932,4794,128025,210959,1,True,True
2026-07-26,op_024,7165,3093,99634,182818,1,True,True
2026-07-27,op_024,7686,3425,93316,157139,1,True,True
2026-07-28,op_024,7486,4258,99741,139529,1,True,True
2026-07-29,op_024,8758,4893,90180,140084,1,True,True
2026-07-30,op_024,10817,4999,115700,191370,1,True,True
2026-07-01,op_025,7050,2878,178186,456610,1,True,True
2026-07-02,op_025,5559,1860,122034,413056,1,True,True
2026-07-03,op_025,6372,2137,141587,401850,1,True,True
2026-07-04,op_025,6757,2611,185874,409013,1,True,True
2026-07-05,op_025,0,0,0,0,1,True,True
2026-07-06,op_025,6008,2512,128987,425659,1,True,True
2026-07-07,op_025,5334,1950,122521,377935,1,True,True
2026-07-08,op_025,6686,2882,163753,492361,1,True,True
2026-07-09,op_025,0,0,0,0,1,True,True
2026-07-10,op_025,6150,2135,129815,275658,1,True,True
2026-07-11,op_025,6915,2311,137598,348864,1,True,True
2026-07-12,op_025,8302,3018,181643,454955,1,True,True
2026-07-13,op_025,5482,2073,133296,442033,1,True,True
2026-07-14,op_025,7721,3118,195258,571077,1,True,True
2026-07-15,op_025,5834,2047,156107,388136,1,True,True
2026-07-16,op_025,0,0,0,0,1,True,True
2026-07-17,op_025,7477,2749,211386,565596,1,True,True
2026-07-18,op_025,6265,2705,175482,589485,1,True,True
2026-07-19,op_025,4482,1527,123084,319440,1,True,True
2026-07-20,op_025,0,0,0,0,1,True,True
2026-07-21,op_025,8098,2731,167690,450436,1,True,True
2026-07-22,op_025,0,0,0,0,1,True,True
2026-07-23,op_025,0,0,0,0,1,True,True
2026-07-24,op_025,7338,2838,156354,462486,1,True,True
2026-07-25,op_025,5543,1873,135095,427824,1,True,True
2026-07-26,op_025,5985,2191,118805,379088,1,True,True
2026-07-27,op_025,5543,2212,127248,328976,1,True,True
2026-07-28,op_025,6432,2309,136090,391056,1,True,True
2026-07-29,op_025,7070,3073,159522,428291,1,True,True
2026-07-30,op_025,5675,1850,113052,339182,1,True,True
2026-07-01,op_026,21808,4952,68550,49258,1,True,True
2026-07-02,op_026,0,0,0,0,1,True,True
2026-07-03,op_026,33385,6587,121014,77008,1,True,True
2026-07-04,op_026,20695,4634,81403,56177,1,True,True
2026-07-05,op_026,36626,7965,114280,80844,1,True,True
2026-07-06,op_026,32327,5839,97424,72751,1,True,True
2026-07-07,op_026,25961,5783,83873,58679,1,True,True
2026-07-08,op_026,70411,12628,270130,175614,1,True,True
2026-07-09,op_026,25546,5393,89775,84852,1,True,True
2026-07-10,op_026,40343,8781,139095,91567,1,True,True
2026-07-11,op_026,21593,3767,73114,68147,1,True,True
2026-07-12,op_026,22890,4660,78593,76503,1,True,True
2026-07-13,op_026,0,0,0,0,1,True,True
2026-07-14,op_026,40386,8887,121768,79032,1,True,True
2026-07-15,op_026,35912,6370,120999,88989,1,True,True
2026-07-16,op_026,30831,6028,121855,84484,1,True,True
2026-07-17,op_026,20709,4504,64244,49391,1,True,True
2026-07-18,op_026,0,0,0,0,1,True,True
2026-07-19,op_026,51745,10504,183404,180703,1,True,True
2026-07-20,op_026,39525,7418,160310,99944,1,True,True
2026-07-21,op_026,12651,2807,43866,31206,1,True,True
2026-07-22,op_026,0,0,0,0,1,True,True
2026-07-23,op_026,0,0,0,0,1,True,True
2026-07-24,op_026,19254,4386,71014,52350,1,True,True
2026-07-25,op_026,30006,6749,111344,84999,1,True,True
2026-07-26,op_026,22364,4307,75631,67690,1,True,True
2026-07-27,op_026,0,0,0,0,1,True,True
2026-07-28,op_026,0,0,0,0,1,True,True
2026-07-29,op_026,15486,3522,59658,50808,1,True,True
2026-07-30,op_026,0,0,0,0,1,True,True
2026-07-01,op_027,5806,2270,152503,412402,1,True,True
2026-07-02,op_027,6088,2659,170497,462862,1,True,True
2026-07-03,op_027,5484,1895,139602,471103,1,True,True
2026-07-04,op_027,0,0,0,0,1,True,True
2026-07-05,op_027,0,0,0,0,1,True,True
2026-07-06,op_027,5720,2376,159699,377404,1,True,True
2026-07-07,op_027,6258,2563,129737,309852,1,True,True
2026-07-08,op_027,6799,2928,188994,603777,1,True,True
2026-07-09,op_027,4459,1441,120395,396231,1,True,True
2026-07-10,op_027,5320,2227,121543,370340,1,True,True
2026-07-11,op_027,6024,2236,133475,304581,1,True,True
2026-07-12,op_027,5494,1918,108811,250316,1,True,True
2026-07-13,op_027,7513,3103,174804,371887,1,True,True
2026-07-14,op_027,8226,3286,206713,616386,1,True,True
2026-07-15,op_027,6432,2135,131657,432533,1,True,True
2026-07-16,op_027,6562,2667,144000,453489,1,True,True
2026-07-17,op_027,5233,1707,125210,415335,1,True,True
2026-07-18,op_027,6554,2412,155429,502993,1,True,True
2026-07-19,op_027,5144,2134,123777,310426,1,True,True
2026-07-20,op_027,7044,2833,190901,475749,1,True,True
2026-07-21,op_027,6078,2352,155881,331283,1,True,True
2026-07-22,op_027,4613,1739,108609,334182,1,True,True
2026-07-23,op_027,4224,1465,92914,209884,1,True,True
2026-07-24,op_027,7407,2398,206940,607982,1,True,True
2026-07-25,op_027,5962,2466,122762,278307,1,True,True
2026-07-26,op_027,6121,2273,155431,473590,1,True,True
2026-07-27,op_027,6449,2707,178106,450433,1,True,True
2026-07-28,op_027,6952,2516,190809,653038,1,True,True
2026-07-29,op_027,5721,2080,148219,410314,1,True,True
2026-07-30,op_027,6773,2945,181365,578060,1,True,True
2026-07-01,op_028,6912,2728,47600,53081,1,True,True
2026-07-02,op_028,12561,4509,88914,108552,1,True,True
2026-07-03,op_028,9706,3272,58252,74586,1,True,True
2026-07-04,op_028,8982,3570,63172,63025,1,True,True
2026-07-05,op_028,6113,2588,40323,48410,1,True,True
2026-07-06,op_028,13757,4941,109562,143298,1,True,True
2026-07-07,op_028,6388,2331,62989,58130,1,True,True
2026-07-08,op_028,8465,3851,72118,84590,1,True,True
2026-07-09,op_028,0,0,0,0,1,True,True
2026-07-10,op_028,0,0,0,0,1,True,True
2026-07-11,op_028,11976,4390,101940,134282,1,True,True
2026-07-12,op_028,12930,5633,149532,140808,1,True,True
2026-07-13,op_028,8823,3553,80622,91917,1,True,True
2026-07-14,op_028,6353,2595,69920,82365,1,True,True
2026-07-15,op_028,7472,3409,100465,98061,1,True,True
2026-07-16,op_028,6399,3003,90263,120811,1,True,True
2026-07-17,op_028,9934,4653,121412,117382,1,True,True
2026-07-18,op_028,7783,3802,96056,137037,1,True,True
2026-07-19,op_028,8434,4510,122491,163166,1,True,True
2026-07-20,op_028,11284,5174,178841,242653,1,True,True
2026-07-21,op_028,0,0,0,0,1,True,True
2026-07-22,op_028,8036,3552,137742,147124,1,True,True
2026-07-23,op_028,7742,3822,125363,124122,1,True,True
2026-07-24,op_028,8121,3555,130996,168681,1,True,True
2026-07-25,op_028,6816,3945,96258,87496,1,True,True
2026-07-26,op_028,10757,4779,151046,156373,1,True,True
2026-07-27,op_028,8234,4484,155662,217868,1,True,True
2026-07-28,op_028,7585,4310,123662,118450,1,True,True
2026-07-29,op_028,6026,3196,91553,135098,1,True,True
2026-07-30,op_028,6706,3254,127310,123414,1,True,True
2026-07-01,op_029,7540,4173,96857,158311,1,True,True
2026-07-02,op_029,11535,5683,120608,259843,1,True,True
2026-07-03,op_029,7871,4266,103852,225310,1,True,True
2026-07-04,op_029,9652,4421,106324,151687,1,True,True
2026-07-05,op_029,10208,4784,103229,191598,1,True,True
2026-07-06,op_029,7655,4068,87248,175984,1,True,True
2026-07-07,op_029,8555,4862,95238,181924,1,True,True
2026-07-08,op_029,8079,4490,90564,164543,1,True,True
2026-07-09,op_029,13181,6814,144356,305580,1,True,True
2026-07-10,op_029,9931,4537,131464,247906,1,True,True
2026-07-11,op_029,8841,4590,91076,125424,1,True,True
2026-07-12,op_029,0,0,0,0,1,True,True
2026-07-13,op_029,9610,4196,96213,211363,1,True,True
2026-07-14,op_029,10858,5841,134095,215952,1,True,True
2026-07-15,op_029,7599,4272,77442,164231,1,True,True
2026-07-16,op_029,0,0,0,0,1,True,True
2026-07-17,op_029,0,0,0,0,1,True,True
2026-07-18,op_029,9421,4811,121833,253444,1,True,True
2026-07-19,op_029,11335,6472,150185,304831,1,True,True
2026-07-20,op_029,8530,4764,103573,151531,1,True,True
2026-07-21,op_029,8375,3934,118353,213875,1,True,True
2026-07-22,op_029,12574,6518,133035,278664,1,True,True
2026-07-23,op_029,8258,4241,86922,147183,1,True,True
2026-07-24,op_029,7465,3475,75243,165311,1,True,True
2026-07-25,op_029,9930,4342,111656,238158,1,True,True
2026-07-26,op_029,10069,5170,119664,210734,1,True,True
2026-07-27,op_029,7748,4305,103781,217526,1,True,True
2026-07-28,op_029,6442,3233,64091,141026,1,True,True
2026-07-29,op_029,0,0,0,0,1,True,True
2026-07-30,op_029,13539,5972,187915,255785,1,True,True
2026-07-01,op_030,4969,2620,62470,84643,1,True,True
2026-07-02,op_030,10602,6029,117358,234292,1,True,True
2026-07-03,op_030,8654,4404,96750,166365,1,True,True
2026-07-04,op_030,6553,3651,89666,156088,1,True,True
2026-07-05,op_030,7812,4469,99739,152290,1,True,True
2026-07-06,op_030,7034,3201,89324,169517,1,True,True
2026-07-07,op_030,8637,4236,101562,182562,1,True,True
2026-07-08,op_030,7549,3627,91674,169337,1,True,True
2026-07-09,op_030,0,0,0,0,1,True,True
2026-07-10,op_030,8363,4646,99970,170804,1,True,True
2026-07-11,op_030,8350,4137,114718,193600,1,True,True
2026-07-12,op_030,0,0,0,0,1,True,True
2026-07-13,op_030,9193,4571,115408,206888,1,True,True
2026-07-14,op_030,6090,3418,85796,170567,1,True,True
2026-07-15,op_030,9367,4423,115184,242276,1,True,True
2026-07-16,op_030,11030,6170,136670,273743,1,True,True
2026-07-17,op_030,11536,5776,162387,222205,1,True,True
2026-07-18,op_030,12924,5590,150761,247553,1,True,True
2026-07-19,op_030,6659,3646,74503,142132,1,True,True
2026-07-20,op_030,10749,5062,129607,218907,1,True,True
2026-07-21,op_030,6749,3359,86580,118516,1,True,True
2026-07-22,op_030,7582,3688,87849,195731,1,True,True
2026-07-23,op_030,8274,3544,109163,147672,1,True,True
2026-07-24,op_030,9345,4044,129664,195827,1,True,True
2026-07-25,op_030,12202,6766,129590,213689,1,True,True
2026-07-26,op_030,11764,6131,121019,191285,1,True,True
2026-07-27,op_030,10091,5206,112379,191850,1,True,True
2026-07-28,op_030,7856,4076,81548,122456,1,True,True
2026-07-29,op_030,10235,4411,125802,208693,1,True,True
2026-07-30,op_030,12185,6513,125368,280274,1,True,True
2026-07-01,op_031,8950,10481,50362,41186,1,True,True
2026-07-02,op_031,0,0,0,0,1,True,True
2026-07-03,op_031,9227,11414,40802,45462,1,True,True
2026-07-04,op_031,13395,15744,77260,86587,1,True,True
2026-07-05,op_031,12301,12111,71313,55555,1,True,True
2026-07-06,op_031,8682,8759,37269,33621,1,True,True
2026-07-07,op_031,8811,9897,41040,43264,1,True,True
2026-07-08,op_031,8057,8279,46672,41466,1,True,True
2026-07-09,op_031,0,0,0,0,1,True,True
2026-07-10,op_031,9571,12177,45160,39921,1,True,True
2026-07-11,op_031,11855,15543,53089,36591,1,True,True
2026-07-12,op_031,9004,10209,41443,35348,1,True,True
2026-07-13,op_031,0,0,0,0,1,True,True
2026-07-14,op_031,7028,8095,40568,30831,1,True,True
2026-07-15,op_031,6568,7768,29421,24389,1,True,True
2026-07-16,op_031,10146,10373,57049,63436,1,True,True
2026-07-17,op_031,9173,9345,39365,36775,1,True,True
2026-07-18,op_031,14158,15150,81406,60738,1,True,True
2026-07-19,op_031,12885,15295,67184,64422,1,True,True
2026-07-20,op_031,13478,17094,57751,41776,1,True,True
2026-07-21,op_031,11741,11811,55873,40354,1,True,True
2026-07-22,op_031,9174,9800,49990,50157,1,True,True
2026-07-23,op_031,6279,6447,32943,29296,1,True,True
2026-07-24,op_031,10063,10505,57559,49123,1,True,True
2026-07-25,op_031,8459,10051,49350,46340,1,True,True
2026-07-26,op_031,9752,11854,50591,50830,1,True,True
2026-07-27,op_031,13266,14693,61805,44464,1,True,True
2026-07-28,op_031,0,0,0,0,1,True,True
2026-07-29,op_031,9008,9523,47677,53346,1,True,True
2026-07-30,op_031,12302,12760,63361,64507,1,True,True
2026-07-01,op_032,8248,10048,46400,47216,1,True,True
2026-07-02,op_032,15531,15520,76652,78032,1,True,True
2026-07-03,op_032,8237,9395,41102,30694,1,True,True
2026-07-04,op_032,10935,11638,60819,41970,1,True,True
2026-07-05,op_032,11904,12829,63582,62155,1,True,True
2026-07-06,op_032,8877,8750,38707,37108,1,True,True
2026-07-07,op_032,6355,7922,33863,37575,1,True,True
2026-07-08,op_032,11697,12704,64068,44603,1,True,True
2026-07-09,op_032,13586,13877,66042,66088,1,True,True
2026-07-10,op_032,9130,9535,41248,33268,1,True,True
2026-07-11,op_032,10251,11993,50360,45812,1,True,True
2026-07-12,op_032,9488,11089,42746,44850,1,True,True
2026-07-13,op_032,0,0,0,0,1,True,True
2026-07-14,op_032,7285,9100,30509,29483,1,True,True
2026-07-15,op_032,6632,8734,29343,32050,1,True,True
2026-07-16,op_032,8369,9084,38797,28197,1,True,True
2026-07-17,op_032,10416,11338,56021,56745,1,True,True
2026-07-18,op_032,10110,9979,57423,64413,1,True,True
2026-07-19,op_032,10981,13279,51183,52712,1,True,True
2026-07-20,op_032,11846,14342,66314,45549,1,True,True
2026-07-21,op_032,10614,12801,54806,51105,1,True,True
2026-07-22,op_032,9204,9769,50627,44022,1,True,True
2026-07-23,op_032,9076,11580,51700,43072,1,True,True
2026-07-24,op_032,10999,14473,45395,39525,1,True,True
2026-07-25,op_032,10632,11714,57327,50083,1,True,True
2026-07-26,op_032,10165,11760,43441,40524,1,True,True
2026-07-27,op_032,0,0,0,0,1,True,True
2026-07-28,op_032,9634,9686,50450,39755,1,True,True
2026-07-29,op_032,15128,19715,86852,59903,1,True,True
2026-07-30,op_032,8366,8738,38889,26516,1,True,True
2026-07-01,op_033,4140,2341,133015,476170,1,True,True
2026-07-02,op_033,8096,4124,273271,1115315,1,True,True
2026-07-03,op_033,8580,5299,303614,1077717,1,True,True
2026-07-04,op_033,8303,4570,285676,1349725,1,True,True
2026-07-05,op_033,0,0,0,0,1,True,True
2026-07-06,op_033,5977,3471,159294,786058,1,True,True
2026-07-07,op_033,7682,3901,200783,657472,1,True,True
2026-07-08,op_033,5568,2732,177531,746577,1,True,True
2026-07-09,op_033,10052,4997,255674,1266556,1,True,True
2026-07-10,op_033,0,0,0,0,1,True,True
2026-07-11,op_033,7650,4321,226229,1037545,1,True,True
2026-07-12,op_033,8754,4510,299231,1316855,1,True,True
2026-07-13,op_033,6293,3931,180993,560108,1,True,True
2026-07-14,op_033,8435,5262,233624,922041,1,True,True
2026-07-15,op_033,9895,5979,299608,1045579,1,True,True
2026-07-16,op_033,8332,4728,241906,1202389,1,True,True
2026-07-17,op_033,0,0,0,0,1,True,True
2026-07-18,op_033,5668,3036,196554,804420,1,True,True
2026-07-19,op_033,6882,3601,223546,858845,1,True,True
2026-07-20,op_033,7280,3528,245090,782538,1,True,True
2026-07-21,op_033,8197,3916,289067,1406121,1,True,True
2026-07-22,op_033,7177,4353,207012,920923,1,True,True
2026-07-23,op_033,6727,4100,169763,792668,1,True,True
2026-07-24,op_033,8474,5273,240373,837921,1,True,True
2026-07-25,op_033,9626,4999,259288,1163198,1,True,True
2026-07-26,op_033,0,0,0,0,1,True,True
2026-07-27,op_033,10388,5663,332089,1217217,1,True,True
2026-07-28,op_033,8086,3809,258161,1114745,1,True,True
2026-07-29,op_033,10262,5606,297861,1303245,1,True,True
2026-07-30,op_033,0,0,0,0,1,True,True
2026-07-01,op_034,0,0,0,0,1,True,True
2026-07-02,op_034,4024,2281,60267,83743,1,True,True
2026-07-03,op_034,3960,2560,81409,105374,1,True,True
2026-07-04,op_034,3280,2320,64561,119259,1,True,True
2026-07-05,op_034,3469,2000,72466,132672,1,True,True
2026-07-06,op_034,0,0,0,0,1,True,True
2026-07-07,op_034,3482,2356,61583,75109,1,True,True
2026-07-08,op_034,3635,2505,72005,98929,1,True,True
2026-07-09,op_034,2580,1590,44398,72122,1,True,True
2026-07-10,op_034,4810,3299,88673,147012,1,True,True
2026-07-11,op_034,2978,2029,56785,97977,1,True,True
2026-07-12,op_034,3591,2010,67883,87518,1,True,True
2026-07-13,op_034,3457,2009,63793,106070,1,True,True
2026-07-14,op_034,3325,1958,60707,86554,1,True,True
2026-07-15,op_034,3142,2022,48878,72913,1,True,True
2026-07-16,op_034,3920,2321,74920,122398,1,True,True
2026-07-17,op_034,0,0,0,0,1,True,True
2026-07-18,op_034,3108,1946,62310,102660,1,True,True
2026-07-19,op_034,3567,2338,53679,78183,1,True,True
2026-07-20,op_034,3528,2564,72297,97303,1,True,True
2026-07-21,op_034,4277,2545,73039,112242,1,True,True
2026-07-22,op_034,4275,2379,78946,93465,1,True,True
2026-07-23,op_034,0,0,0,0,1,True,True
2026-07-24,op_034,3363,2388,64377,96169,1,True,True
2026-07-25,op_034,3235,2178,63357,105393,1,True,True
2026-07-26,op_034,3639,2540,55099,88146,1,True,True
2026-07-27,op_034,2514,1543,45228,84298,1,True,True
2026-07-28,op_034,3207,1993,62483,73906,1,True,True
2026-07-29,op_034,2933,1939,51333,74225,1,True,True
2026-07-30,op_034,2312,1390,47738,69973,1,True,True
2026-07-01,op_035,21028,11570,239735,498174,1,True,True
2026-07-02,op_035,24185,14292,267750,465281,1,True,True
2026-07-03,op_035,5959,3406,52858,77959,1,True,True
2026-07-04,op_035,16334,8648,182914,365125,1,True,True
2026-07-05,op_035,8108,4996,85745,174727,1,True,True
2026-07-06,op_035,8517,4433,85253,151044,1,True,True
2026-07-07,op_035,18155,9156,163998,272247,1,True,True
2026-07-08,op_035,12882,7050,134504,183981,1,True,True
2026-07-09,op_035,16018,8117,178091,365114,1,True,True
2026-07-10,op_035,6844,4037,63991,88411,1,True,True
2026-07-11,op_035,21511,11385,183234,334105,1,True,True
2026-07-12,op_035,9512,5076,82565,165867,1,True,True
2026-07-13,op_035,12490,7689,114036,207681,1,True,True
2026-07-14,op_035,5666,3274,50919,85785,1,True,True
2026-07-15,op_035,0,0,0,0,1,True,True
2026-07-16,op_035,15324,8354,169607,272125,1,True,True
2026-07-17,op_035,21244,10566,208975,283259,1,True,True
2026-07-18,op_035,5393,2750,45223,70596,1,True,True
2026-07-19,op_035,7211,4381,79068,143587,1,True,True
2026-07-20,op_035,23923,14145,244182,479736,1,True,True
2026-07-21,op_035,6420,3754,56453,114980,1,True,True
2026-07-22,op_035,16531,8443,141825,222898,1,True,True
2026-07-23,op_035,5828,3163,49985,86204,1,True,True
2026-07-24,op_035,4570,2667,49176,109301,1,True,True
2026-07-25,op_035,7878,3758,79606,127476,1,True,True
2026-07-26,op_035,0,0,0,0,1,True,True
2026-07-27,op_035,14026,7806,159110,247109,1,True,True
2026-07-28,op_035,8286,3922,93161,166581,1,True,True
2026-07-29,op_035,7714,4186,68501,128707,1,True,True
2026-07-30,op_035,18011,10508,149758,311038,1,True,True
2026-07-01,op_036,0,0,0,0,1,True,True
2026-07-02,op_036,11378,14252,48282,34125,1,True,True
2026-07-03,op_036,7717,10085,41006,36364,1,True,True
2026-07-04,op_036,8430,10635,36675,26659,1,True,True
2026-07-05,op_036,9726,12402,56878,47712,1,True,True
2026-07-06,op_036,0,0,0,0,1,True,True
2026-07-07,op_036,0,0,0,0,1,True,True
2026-07-08,op_036,7820,8311,41786,36211,1,True,True
2026-07-09,op_036,0,0,0,0,1,True,True
2026-07-10,op_036,11249,12811,54177,59017,1,True,True
2026-07-11,op_036,8394,10499,39653,28483,1,True,True
2026-07-12,op_036,8774,9814,36774,39306,1,True,True
2026-07-13,op_036,8908,11622,39539,39681,1,True,True
2026-07-14,op_036,12105,15497,67702,65897,1,True,True
2026-07-15,op_036,10201,11855,56256,45119,1,True,True
2026-07-16,op_036,10433,13178,54280,49999,1,True,True
2026-07-17,op_036,11161,12111,62468,48723,1,True,True
2026-07-18,op_036,12243,14218,61459,51984,1,True,True
2026-07-19,op_036,14530,14705,73358,51142,1,True,True
2026-07-20,op_036,7225,7850,40958,35822,1,True,True
2026-07-21,op_036,9440,12244,41343,35913,1,True,True
2026-07-22,op_036,7769,9828,41117,39787,1,True,True
2026-07-23,op_036,8081,8608,39495,39873,1,True,True
2026-07-24,op_036,0,0,0,0,1,True,True
2026-07-25,op_036,12368,14793,58991,56119,1,True,True
2026-07-26,op_036,11076,11884,49629,40763,1,True,True
2026-07-27,op_036,6299,6723,36933,37491,1,True,True
2026-07-28,op_036,11241,11879,59729,47346,1,True,True
2026-07-29,op_036,9430,12180,39308,40888,1,True,True
2026-07-30,op_036,9782,9714,47984,35288,1,True,True
2026-07-01,op_037,8319,8446,47539,33235,1,True,True
2026-07-02,op_037,0,0,0,0,1,True,True
2026-07-03,op_037,8629,8928,48288,32615,1,True,True
2026-07-04,op_037,12720,16654,65855,64639,1,True,True
2026-07-05,op_037,9433,11215,42061,29877,1,True,True
2026-07-06,op_037,10188,12015,46867,36508,1,True,True
2026-07-07,op_037,12797,13379,61972,43092,1,True,True
2026-07-08,op_037,8392,9790,42178,35682,1,True,True
2026-07-09,op_037,8359,10935,35874,30869,1,True,True
2026-07-10,op_037,9308,10616,54886,42032,1,True,True
2026-07-11,op_037,12485,14538,56435,53454,1,True,True
2026-07-12,op_037,12232,15165,52844,58487,1,True,True
2026-07-13,op_037,0,0,0,0,1,True,True
2026-07-14,op_037,8985,9624,52983,39856,1,True,True
2026-07-15,op_037,6441,7503,36580,28211,1,True,True
2026-07-16,op_037,0,0,0,0,1,True,True
2026-07-17,op_037,10097,12927,43297,46419,1,True,True
2026-07-18,op_037,7928,9736,40163,43040,1,True,True
2026-07-19,op_037,9036,10035,39945,27082,1,True,True
2026-07-20,op_037,11027,12138,51124,52979,1,True,True
2026-07-21,op_037,10140,9963,51333,42527,1,True,True
2026-07-22,op_037,13393,17427,78629,62782,1,True,True
2026-07-23,op_037,0,0,0,0,1,True,True
2026-07-24,op_037,0,0,0,0,1,True,True
2026-07-25,op_037,15109,15717,65751,69723,1,True,True
2026-07-26,op_037,9498,9436,49146,42901,1,True,True
2026-07-27,op_037,8669,10797,45403,37384,1,True,True
2026-07-28,op_037,0,0,0,0,1,True,True
2026-07-29,op_037,10165,12250,45333,33913,1,True,True
2026-07-30,op_037,11383,14430,53589,54050,1,True,True
2026-07-01,op_038,6409,3670,167802,590499,1,True,True
2026-07-02,op_038,8554,5313,242507,1204820,1,True,True
2026-07-03,op_038,8473,5087,211500,951247,1,True,True
2026-07-04,op_038,9879,4682,325937,1352566,1,True,True
2026-07-05,op_038,7141,3935,229014,1029372,1,True,True
2026-07-06,op_038,8173,4111,209820,890998,1,True,True
2026-07-07,op_038,6700,3891,194928,912897,1,True,True
2026-07-08,op_038,7806,4826,230810,1042901,1,True,True
2026-07-09,op_038,6590,3985,230613,901861,1,True,True
2026-07-10,op_038,8683,4084,298748,1223601,1,True,True
2026-07-11,op_038,0,0,0,0,1,True,True
2026-07-12,op_038,8578,5270,280655,893483,1,True,True
2026-07-13,op_038,10058,5123,320154,1587466,1,True,True
2026-07-14,op_038,10601,4982,268797,1155962,1,True,True
2026-07-15,op_038,11052,5255,292979,1424306,1,True,True
2026-07-16,op_038,0,0,0,0,1,True,True
2026-07-17,op_038,7848,4122,242300,892555,1,True,True
2026-07-18,op_038,7190,4424,205760,1018599,1,True,True
2026-07-19,op_038,7558,3565,193432,691603,1,True,True
2026-07-20,op_038,8236,5110,213394,746066,1,True,True
2026-07-21,op_038,5346,3178,140778,658764,1,True,True
2026-07-22,op_038,7278,4186,247480,755367,1,True,True
2026-07-23,op_038,9768,5871,310684,1056427,1,True,True
2026-07-24,op_038,9157,4333,262987,889034,1,True,True
2026-07-25,op_038,0,0,0,0,1,True,True
2026-07-26,op_038,5150,2871,163735,665913,1,True,True
2026-07-27,op_038,8517,5053,285615,1363810,1,True,True
2026-07-28,op_038,10596,5683,298432,901762,1,True,True
2026-07-29,op_038,8536,4555,239370,936005,1,True,True
2026-07-30,op_038,0,0,0,0,1,True,True
2026-07-01,op_039,10512,11103,44311,49460,1,True,True
2026-07-02,op_039,7326,8541,41433,45559,1,True,True
2026-07-03,op_039,8938,11095,39642,41347,1,True,True
2026-07-04,op_039,9090,11317,37807,34591,1,True,True
2026-07-05,op_039,11363,12818,49930,35824,1,True,True
2026-07-06,op_039,8663,9760,41849,45768,1,True,True
2026-07-07,op_039,11539,13056,64475,45888,1,True,True
2026-07-08,op_039,9037,10948,43681,47956,1,True,True
2026-07-09,op_039,8958,9808,36843,31162,1,True,True
2026-07-10,op_039,10073,11070,54705,51193,1,True,True
2026-07-11,op_039,8416,10435,35008,35678,1,True,True
2026-07-12,op_039,13607,16241,58490,43157,1,True,True
2026-07-13,op_039,14467,18424,69151,69652,1,True,True
2026-07-14,op_039,9936,10770,53279,51273,1,True,True
2026-07-15,op_039,12484,15709,53047,44060,1,True,True
2026-07-16,op_039,9704,10789,55933,47997,1,True,True
2026-07-17,op_039,10525,10948,44537,42768,1,True,True
2026-07-18,op_039,7741,8040,36783,33694,1,True,True
2026-07-19,op_039,5940,7768,28814,26554,1,True,True
2026-07-20,op_039,7374,8029,37836,37511,1,True,True
2026-07-21,op_039,9821,11696,42812,30332,1,True,True
2026-07-22,op_039,9226,11859,48048,33978,1,True,True
2026-07-23,op_039,11936,15442,54662,47115,1,True,True
2026-07-24,op_039,13039,13600,70786,69531,1,True,True
2026-07-25,op_039,9050,11524,51880,52397,1,True,True
2026-07-26,op_039,10588,11621,53252,45174,1,True,True
2026-07-27,op_039,8023,8209,41871,41336,1,True,True
2026-07-28,op_039,14906,15525,68460,60369,1,True,True
2026-07-29,op_039,8784,10947,43977,41046,1,True,True
2026-07-30,op_039,13685,13407,57873,61662,1,True,True
2026-07-01,op_040,6191,3461,192438,706474,1,True,True
2026-07-02,op_040,0,0,0,0,1,True,True
2026-07-03,op_040,10866,5156,331289,1638636,1,True,True
2026-07-04,op_040,8895,4743,262400,1221849,1,True,True
2026-07-05,op_040,7110,3874,213367,1063352,1,True,True
2026-07-06,op_040,6708,3891,173804,617377,1,True,True
2026-07-07,op_040,7396,4103,221164,1059445,1,True,True
2026-07-08,op_040,7264,4394,204123,943601,1,True,True
2026-07-09,op_040,6376,3860,195799,603232,1,True,True
2026-07-10,op_040,7951,3921,277668,1096860,1,True,True
2026-07-11,op_040,7116,4264,245469,1150034,1,True,True
2026-07-12,op_040,7857,3873,237354,908925,1,True,True
2026-07-13,op_040,7940,4484,275854,1149126,1,True,True
2026-07-14,op_040,6998,3723,175524,699672,1,True,True
2026-07-15,op_040,6157,3270,171044,555977,1,True,True
2026-07-16,op_040,6997,3510,184569,803738,1,True,True
2026-07-17,op_040,9847,4631,250600,837748,1,True,True
2026-07-18,op_040,9333,4891,283656,1397661,1,True,True
2026-07-19,op_040,0,0,0,0,1,True,True
2026-07-20,op_040,0,0,0,0,1,True,True
2026-07-21,op_040,10200,5997,309178,1531716,1,True,True
2026-07-22,op_040,7231,4470,244209,1038896,1,True,True
2026-07-23,op_040,6783,3743,231881,862171,1,True,True
2026-07-24,op_040,10819,6286,314339,976454,1,True,True
2026-07-25,op_040,8561,5134,258811,1172031,1,True,True
2026-07-26,op_040,10719,5415,297666,1297654,1,True,True
2026-07-27,op_040,11349,6317,317583,1298051,1,True,True
2026-07-28,op_040,7977,4052,231321,1038461,1,True,True
2026-07-29,op_040,9052,4858,311931,1394909,1,True,True
2026-07-30,op_040,8675,5039,263455,1292877,1,True,True
2026-07-01,op_041,8579,4746,95598,199741,1,True,True
2026-07-02,op_041,15286,9362,142750,264545,1,True,True
2026-07-03,op_041,11868,6311,115494,156155,1,True,True
2026-07-04,op_041,10653,5946,104431,168498,1,True,True
2026-07-05,op_041,8343,3983,83348,120286,1,True,True
2026-07-06,op_041,19324,10063,167776,276337,1,True,True
2026-07-07,op_041,15902,8170,151579,241090,1,True,True
2026-07-08,op_041,9576,5883,100953,212651,1,True,True
2026-07-09,op_041,10298,4994,115741,194179,1,True,True
2026-07-10,op_041,13693,6949,158698,244281,1,True,True
2026-07-11,op_041,21232,11987,244375,443746,1,True,True
2026-07-12,op_041,13223,8079,124843,219807,1,True,True
2026-07-13,op_041,12910,6734,145873,318895,1,True,True
2026-07-14,op_041,27519,13543,290045,441686,1,True,True
2026-07-15,op_041,0,0,0,0,1,True,True
2026-07-16,op_041,12245,6365,103164,152018,1,True,True
2026-07-17,op_041,26920,16669,277429,468919,1,True,True
2026-07-18,op_041,5329,2805,52983,79594,1,True,True
2026-07-19,op_041,4063,2184,41894,76471,1,True,True
2026-07-20,op_041,5583,2713,50600,73693,1,True,True
2026-07-21,op_041,12955,6117,139342,288753,1,True,True
2026-07-22,op_041,0,0,0,0,1,True,True
2026-07-23,op_041,0,0,0,0,1,True,True
2026-07-24,op_041,0,0,0,0,1,True,True
2026-07-25,op_041,27974,14385,301938,563886,1,True,True
2026-07-26,op_041,8041,4324,87895,174593,1,True,True
2026-07-27,op_041,9841,5633,89552,177058,1,True,True
2026-07-28,op_041,8001,3873,69443,142741,1,True,True
2026-07-29,op_041,14797,7375,168665,304765,1,True,True
2026-07-30,op_041,23528,11087,234807,446688,1,True,True
2026-07-01,op_042,12853,14839,57854,63745,1,True,True
2026-07-02,op_042,15000,17406,66901,72921,1,True,True
2026-07-03,op_042,0,0,0,0,1,True,True
2026-07-04,op_042,13535,14486,62359,51101,1,True,True
2026-07-05,op_042,8603,10666,45753,45468,1,True,True
2026-07-06,op_042,8001,10412,44492,46226,1,True,True
2026-07-07,op_042,8214,9609,37790,40710,1,True,True
2026-07-08,op_042,10474,11329,55993,54129,1,True,True
2026-07-09,op_042,8167,9256,39612,40773,1,True,True
2026-07-10,op_042,11105,11343,47623,39846,1,True,True
2026-07-11,op_042,14041,17248,67851,59692,1,True,True
2026-07-12,op_042,14009,14379,73748,59862,1,True,True
2026-07-13,op_042,10826,12185,48122,47453,1,True,True
2026-07-14,op_042,13672,14624,72468,59276,1,True,True
2026-07-15,op_042,8046,8892,41052,40850,1,True,True
2026-07-16,op_042,8943,10273,45839,35979,1,True,True
2026-07-17,op_042,5998,7811,31854,29848,1,True,True
2026-07-18,op_042,7105,8488,40548,37643,1,True,True
2026-07-19,op_042,0,0,0,0,1,True,True
2026-07-20,op_042,11486,11541,50928,51493,1,True,True
2026-07-21,op_042,11723,12331,51714,51779,1,True,True
2026-07-22,op_042,9336,10675,53874,38806,1,True,True
2026-07-23,op_042,8158,8367,38359,30576,1,True,True
2026-07-24,op_042,11320,13654,57448,54049,1,True,True
2026-07-25,op_042,0,0,0,0,1,True,True
2026-07-26,op_042,0,0,0,0,1,True,True
2026-07-27,op_042,7758,9637,33822,31522,1,True,True
2026-07-28,op_042,7228,7370,31306,25018,1,True,True
2026-07-29,op_042,9095,9780,41952,35540,1,True,True
2026-07-30,op_042,0,0,0,0,1,True,True
2026-07-01,op_043,6974,3955,225774,1031282,1,True,True
2026-07-02,op_043,0,0,0,0,1,True,True
2026-07-03,op_043,8885,4162,267478,1125297,1,True,True
2026-07-04,op_043,7605,4239,218692,862782,1,True,True
2026-07-05,op_043,7409,4503,224615,806401,1,True,True
2026-07-06,op_043,9537,5438,247577,1209117,1,True,True
2026-07-07,op_043,7645,4613,244628,1006129,1,True,True
2026-07-08,op_043,9951,6041,246142,1098720,1,True,True
2026-07-09,op_043,0,0,0,0,1,True,True
2026-07-10,op_043,7930,4999,195484,654809,1,True,True
2026-07-11,op_043,7046,4200,185638,707130,1,True,True
2026-07-12,op_043,0,0,0,0,1,True,True
2026-07-13,op_043,10238,5549,260580,899323,1,True,True
2026-07-14,op_043,9798,4652,294763,1466998,1,True,True
2026-07-15,op_043,9866,4734,311686,1290626,1,True,True
2026-07-16,op_043,5144,2838,161391,747538,1,True,True
2026-07-17,op_043,5203,2673,141221,442813,1,True,True
2026-07-18,op_043,10255,6116,253929,1215675,1,True,True
2026-07-19,op_043,10624,5096,315270,1349390,1,True,True
2026-07-20,op_043,7056,4176,191704,878630,1,True,True
2026-07-21,op_043,0,0,0,0,1,True,True
2026-07-22,op_043,9371,4461,264927,1061597,1,True,True
2026-07-23,op_043,8558,4715,236386,772364,1,True,True
2026-07-24,op_043,0,0,0,0,1,True,True
2026-07-25,op_043,8740,4918,220302,782828,1,True,True
2026-07-26,op_043,7129,4266,237422,844818,1,True,True
2026-07-27,op_043,0,0,0,0,1,True,True
2026-07-28,op_043,8216,4324,206977,654925,1,True,True
2026-07-29,op_043,8177,3869,202871,635692,1,True,True
2026-07-30,op_043,0,0,0,0,1,True,True
2026-07-01,op_044,8931,4318,263675,1130116,1,True,True
2026-07-02,op_044,0,0,0,0,1,True,True
2026-07-03,op_044,7394,3594,188058,853128,1,True,True
2026-07-04,op_044,7479,4069,195956,643921,1,True,True
2026-07-05,op_044,6060,3101,162935,586124,1,True,True
2026-07-06,op_044,9820,5437,255933,1211077,1,True,True
2026-07-07,op_044,7404,3659,183078,800612,1,True,True
2026-07-08,op_044,0,0,0,0,1,True,True
2026-07-09,op_044,0,0,0,0,1,True,True
2026-07-10,op_044,10203,6159,315101,1130520,1,True,True
2026-07-11,op_044,12876,6618,334312,1633381,1,True,True
2026-07-12,op_044,6924,4124,225152,1021367,1,True,True
2026-07-13,op_044,8702,5352,288625,1015821,1,True,True
2026-07-14,op_044,7965,3842,246731,1082865,1,True,True
2026-07-15,op_044,8178,4604,259079,833474,1,True,True
2026-07-16,op_044,8399,4265,265290,1015981,1,True,True
2026-07-17,op_044,11249,5998,308707,1453610,1,True,True
2026-07-18,op_044,8039,3935,258640,942653,1,True,True
2026-07-19,op_044,0,0,0,0,1,True,True
2026-07-20,op_044,8712,4402,301763,1006015,1,True,True
2026-07-21,op_044,11976,5860,308435,1405155,1,True,True
2026-07-22,op_044,8483,4154,250344,916099,1,True,True
2026-07-23,op_044,8452,5015,212796,687330,1,True,True
2026-07-24,op_044,8348,5031,273890,1096393,1,True,True
2026-07-25,op_044,7505,3765,254027,1153458,1,True,True
2026-07-26,op_044,6206,3455,177814,878606,1,True,True
2026-07-27,op_044,9500,4662,331586,1215478,1,True,True
2026-07-28,op_044,4870,3011,144296,540170,1,True,True
2026-07-29,op_044,10456,4997,314442,1042700,1,True,True
2026-07-30,op_044,6741,3640,199250,915591,1,True,True
2026-07-01,op_045,6490,2711,141116,354407,1,True,True
2026-07-02,op_045,7729,3235,201840,556681,1,True,True
2026-07-03,op_045,7353,2762,147766,349140,1,True,True
2026-07-04,op_045,7086,2644,145633,442637,1,True,True
2026-07-05,op_045,6187,2174,165980,535478,1,True,True
2026-07-06,op_045,6344,2754,168054,574230,1,True,True
2026-07-07,op_045,5102,2172,116215,310558,1,True,True
2026-07-08,op_045,6418,2486,151925,362327,1,True,True
2026-07-09,op_045,6587,2436,134084,303539,1,True,True
2026-07-10,op_045,0,0,0,0,1,True,True
2026-07-11,op_045,0,0,0,0,1,True,True
2026-07-12,op_045,5639,2154,129164,365810,1,True,True
2026-07-13,op_045,6180,2417,174110,536876,1,True,True
2026-07-14,op_045,6241,2106,127923,283951,1,True,True
2026-07-15,op_045,8418,3633,206443,501874,1,True,True
2026-07-16,op_045,6902,3006,156584,418935,1,True,True
2026-07-17,op_045,6763,2775,153789,326516,1,True,True
2026-07-18,op_045,5297,1841,133614,321496,1,True,True
2026-07-19,op_045,5746,1921,134200,402261,1,True,True
2026-07-20,op_045,6750,2707,173259,495729,1,True,True
2026-07-21,op_045,5627,2193,127289,332136,1,True,True
2026-07-22,op_045,7372,2690,148977,504104,1,True,True
2026-07-23,op_045,5187,1788,105179,309144,1,True,True
2026-07-24,op_045,7581,3143,213976,518824,1,True,True
2026-07-25,op_045,0,0,0,0,1,True,True
2026-07-26,op_045,7405,3015,179405,610058,1,True,True
2026-07-27,op_045,5987,2541,154936,411695,1,True,True
2026-07-28,op_045,6587,2643,146932,457228,1,True,True
2026-07-29,op_045,6734,2319,143397,491783,1,True,True
2026-07-30,op_045,6285,2291,156715,508369,1,True,True
2026-07-01,op_046,6062,2872,64322,121322,1,True,True
2026-07-02,op_046,0,0,0,0,1,True,True
2026-07-03,op_046,13670,6734,121040,220808,1,True,True
2026-07-04,op_046,11308,6264,109918,173452,1,True,True
2026-07-05,op_046,14769,7824,163378,325495,1,True,True
2026-07-06,op_046,10922,6850,104308,142796,1,True,True
2026-07-07,op_046,23530,13888,245425,542934,1,True,True
2026-07-08,op_046,17105,8164,185630,372063,1,True,True
2026-07-09,op_046,6299,3024,59740,103468,1,True,True
2026-07-10,op_046,6806,3431,79141,110293,1,True,True
2026-07-11,op_046,24116,14549,263670,521802,1,True,True
2026-07-12,op_046,13258,8091,110934,226418,1,True,True
2026-07-13,op_046,16127,8331,152250,212964,1,True,True
2026-07-14,op_046,0,0,0,0,1,True,True
2026-07-15,op_046,6453,3099,74795,136406,1,True,True
2026-07-16,op_046,24406,15108,213645,407992,1,True,True
2026-07-17,op_046,13130,7497,120417,229337,1,True,True
2026-07-18,op_046,17299,10047,141995,249902,1,True,True
2026-07-19,op_046,24441,12502,269445,481745,1,True,True
2026-07-20,op_046,7030,3518,58464,90534,1,True,True
2026-07-21,op_046,7609,3762,86977,186449,1,True,True
2026-07-22,op_046,6723,3189,70364,97367,1,True,True
2026-07-23,op_046,19933,10148,183317,334378,1,True,True
2026-07-24,op_046,10252,6132,106995,197980,1,True,True
2026-07-25,op_046,0,0,0,0,1,True,True
2026-07-26,op_046,14194,8698,143326,256768,1,True,True
2026-07-27,op_046,5780,3527,62097,106798,1,True,True
2026-07-28,op_046,19422,9256,175009,377956,1,True,True
2026-07-29,op_046,30622,18418,285247,557864,1,True,True
2026-07-30,op_046,5603,2950,61641,127750,1,True,True
2026-07-01,op_047,11621,7228,203366,308141,1,True,True
2026-07-02,op_047,11637,8568,229453,470102,1,True,True
2026-07-03,op_047,14332,9693,229602,424203,1,True,True
2026-07-04,op_047,0,0,0,0,1,True,True
2026-07-05,op_047,8882,5370,126458,264941,1,True,True
2026-07-06,op_047,0,0,0,0,1,True,True
2026-07-07,op_047,9528,6529,169771,315151,1,True,True
2026-07-08,op_047,0,0,0,0,1,True,True
2026-07-09,op_047,9659,6104,126261,263989,1,True,True
2026-07-10,op_047,0,0,0,0,1,True,True
2026-07-11,op_047,12894,8648,186151,281127,1,True,True
2026-07-12,op_047,5689,3296,66103,105361,1,True,True
2026-07-13,op_047,6420,4038,97703,239484,1,True,True
2026-07-14,op_047,9234,5170,136868,310088,1,True,True
2026-07-15,op_047,0,0,0,0,1,True,True
2026-07-16,op_047,0,0,0,0,1,True,True
2026-07-17,op_047,11692,6398,157729,311947,1,True,True
2026-07-18,op_047,7142,3441,80828,123973,1,True,True
2026-07-19,op_047,9575,5443,111320,198878,1,True,True
2026-07-20,op_047,6621,3538,76833,187603,1,True,True
2026-07-21,op_047,7851,4104,91506,199721,1,True,True
2026-07-22,op_047,13868,5641,127364,271271,1,True,True
2026-07-23,op_047,9846,5166,79500,134279,1,True,True
2026-07-24,op_047,11389,5547,90648,203225,1,True,True
2026-07-25,op_047,11060,5008,96854,205151,1,True,True
2026-07-26,op_047,6370,3124,44180,95088,1,True,True
2026-07-27,op_047,7968,3614,68993,150459,1,True,True
2026-07-28,op_047,11725,4766,84041,149480,1,True,True
2026-07-29,op_047,12562,4412,86521,170599,1,True,True
2026-07-30,op_047,0,0,0,0,1,True,True
2026-07-01,op_048,10659,4078,69968,70650,1,True,True
2026-07-02,op_048,12191,3757,86825,118477,1,True,True
2026-07-03,op_048,4866,1722,34948,50650,1,True,True
2026-07-04,op_048,6563,2662,44682,63005,1,True,True
2026-07-05,op_048,8217,3522,73801,97741,1,True,True
2026-07-06,op_048,0,0,0,0,1,True,True
2026-07-07,op_048,6887,2866,48957,61411,1,True,True
2026-07-08,op_048,8465,3300,63722,76378,1,True,True
2026-07-09,op_048,7509,3311,71902,73657,1,True,True
2026-07-10,op_048,0,0,0,0,1,True,True
2026-07-11,op_048,9629,4492,85294,86378,1,True,True
2026-07-12,op_048,7186,3229,83954,125135,1,True,True
2026-07-13,op_048,8294,3663,78407,82816,1,True,True
2026-07-14,op_048,4332,1846,44516,51107,1,True,True
2026-07-15,op_048,6417,2703,89294,116196,1,True,True
2026-07-16,op_048,9884,5104,120707,174043,1,True,True
2026-07-17,op_048,6855,2673,94596,128684,1,True,True
2026-07-18,op_048,0,0,0,0,1,True,True
2026-07-19,op_048,8481,3671,112898,113112,1,True,True
2026-07-20,op_048,9380,5028,148901,143081,1,True,True
2026-07-21,op_048,13077,6726,197949,293705,1,True,True
2026-07-22,op_048,5094,2465,87047,98177,1,True,True
2026-07-23,op_048,8930,3835,124313,121325,1,True,True
2026-07-24,op_048,11344,5528,145963,213346,1,True,True
2026-07-25,op_048,9680,4771,177290,183512,1,True,True
2026-07-26,op_048,8981,4680,126019,132740,1,True,True
2026-07-27,op_048,8491,4510,152947,182518,1,True,True
2026-07-28,op_048,0,0,0,0,1,True,True
2026-07-29,op_048,7146,3793,117177,152356,1,True,True
2026-07-30,op_048,12419,6124,247064,228294,1,True,True
2026-07-01,op_049,0,0,0,0,1,True,True
2026-07-02,op_049,6504,3988,196358,852971,1,True,True
2026-07-03,op_049,0,0,0,0,1,True,True
2026-07-04,op_049,0,0,0,0,1,True,True
2026-07-05,op_049,7492,4621,222608,914554,1,True,True
2026-07-06,op_049,7881,3963,267751,1330627,1,True,True
2026-07-07,op_049,11432,6528,283888,908557,1,True,True
2026-07-08,op_049,10531,5914,306292,1372368,1,True,True
2026-07-09,op_049,9954,5478,282040,978156,1,True,True
2026-07-10,op_049,9892,5507,256830,825989,1,True,True
2026-07-11,op_049,6853,3807,170610,622233,1,True,True
2026-07-12,op_049,9820,4736,311585,1514155,1,True,True
2026-07-13,op_049,7216,3506,187958,669375,1,True,True
2026-07-14,op_049,6637,3870,219266,884151,1,True,True
2026-07-15,op_049,7288,4343,223423,1109471,1,True,True
2026-07-16,op_049,6403,3079,203727,753791,1,True,True
2026-07-17,op_049,7758,4621,212140,933561,1,True,True
2026-07-18,op_049,9227,4453,276169,883902,1,True,True
2026-07-19,op_049,5292,3267,170858,839966,1,True,True
2026-07-20,op_049,7306,3709,203556,1005704,1,True,True
2026-07-21,op_049,7249,3873,219825,1025327,1,True,True
2026-07-22,op_049,8442,4141,272058,1044761,1,True,True
2026-07-23,op_049,11347,6158,323771,1497714,1,True,True
2026-07-24,op_049,8353,3969,223260,933964,1,True,True
2026-07-25,op_049,8815,5561,305588,1320300,1,True,True
2026-07-26,op_049,0,0,0,0,1,True,True
2026-07-27,op_049,8952,4360,272319,1169767,1,True,True
2026-07-28,op_049,10225,6071,318928,1190682,1,True,True
2026-07-29,op_049,0,0,0,0,1,True,True
2026-07-30,op_049,10162,5470,334205,1527057,1,True,True
2026-07-01,op_050,5809,2521,122663,322852,1,True,True
2026-07-02,op_050,6198,2390,160381,344717,1,True,True
2026-07-03,op_050,6166,2286,127453,411271,1,True,True
2026-07-04,op_050,7074,2373,142153,368663,1,True,True
2026-07-05,op_050,3988,1689,100361,282674,1,True,True
2026-07-06,op_050,7584,3259,189892,555861,1,True,True
2026-07-07,op_050,0,0,0,0,1,True,True
2026-07-08,op_050,6529,2839,182639,604842,1,True,True
2026-07-09,op_050,4912,1671,132262,430321,1,True,True
2026-07-10,op_050,7360,2689,197244,475956,1,True,True
2026-07-11,op_050,7934,2900,208864,537638,1,True,True
2026-07-12,op_050,0,0,0,0,1,True,True
2026-07-13,op_050,0,0,0,0,1,True,True
2026-07-14,op_050,5446,2342,110721,291057,1,True,True
2026-07-15,op_050,0,0,0,0,1,True,True
2026-07-16,op_050,6614,2537,173606,369907,1,True,True
2026-07-17,op_050,7175,2745,170289,456554,1,True,True
2026-07-18,op_050,7300,2586,201800,618097,1,True,True
2026-07-19,op_050,6180,2273,124755,390058,1,True,True
2026-07-20,op_050,7487,2681,164965,529248,1,True,True
2026-07-21,op_050,6201,2102,152928,397163,1,True,True
2026-07-22,op_050,7398,3046,158839,514212,1,True,True
2026-07-23,op_050,8135,2981,205951,495973,1,True,True
2026-07-24,op_050,7534,3203,175239,559169,1,True,True
2026-07-25,op_050,6211,2290,158161,489494,1,True,True
2026-07-26,op_050,6565,2342,131249,398412,1,True,True
2026-07-27,op_050,5586,1917,125229,424573,1,True,True
2026-07-28,op_050,6058,2321,171352,377406,1,True,True
2026-07-29,op_050,7897,3008,161536,366918,1,True,True
2026-07-30,op_050,6734,2937,178059,536587,1,True,True
2026-08-01,op_004,10965,3811,293635,821632,1,True,True
2026-08-02,op_004,14291,4967,382699,1070845,1,True,True
2026-08-03,op_004,10098,3510,270401,756620,1,True,True
2026-08-04,op_004,10503,3651,281254,786988,1,True,True
2026-08-05,op_004,11342,3942,303724,849861,1,True,True
2026-08-06,op_004,14219,4942,380763,1065427,1,True,True
2026-08-07,op_004,10587,3680,283496,793261,1,True,True
2026-08-08,op_004,13943,4846,373375,1044754,1,True,True
2026-08-09,op_004,10651,3702,285228,798108,1,True,True
2026-08-10,op_004,13663,4749,365885,1023797,1,True,True
2026-08-11,op_004,12491,4342,334499,935973,1,True,True
2026-08-12,op_004,12499,4344,334703,936544,1,True,True
2026-08-13,op_004,11943,4151,319825,894913,1,True,True
2026-08-14,op_004,11327,3937,303316,848720,1,True,True
2026-08-01,op_005,82160,15207,349507,288278,1,True,True
2026-08-02,op_005,1,1,1,1,1,True,True
2026-08-03,op_005,60130,11130,255794,210983,1,True,True
2026-08-04,op_005,82411,15254,350576,289160,1,True,True
2026-08-05,op_005,65765,12173,279764,230753,1,True,True
2026-08-06,op_005,68147,12614,289896,239110,1,True,True
2026-08-07,op_005,1,1,1,1,1,True,True
2026-08-08,op_005,96992,17953,412602,340320,1,True,True
2026-08-09,op_005,92612,17142,393970,324952,1,True,True
2026-08-10,op_005,31732,5873,134987,111339,1,True,True
2026-08-11,op_005,76167,14098,324016,267253,1,True,True
2026-08-12,op_005,65592,12141,279026,230145,1,True,True
2026-08-13,op_005,106714,19752,453959,374432,1,True,True
2026-08-14,op_005,107840,19961,458753,378386,1,True,True
2026-08-01,op_010,59638,22372,943265,1637130,1,True,True
2026-08-02,op_010,53453,20052,845445,1467353,1,True,True
2026-08-03,op_010,25428,9539,402177,698017,1,True,True
2026-08-04,op_010,26584,9973,420470,729766,1,True,True
2026-08-05,op_010,1,1,1,1,1,True,True
2026-08-06,op_010,16451,6171,260204,451610,1,True,True
2026-08-07,op_010,29433,11041,465529,807972,1,True,True
2026-08-08,op_010,1,1,1,1,1,True,True
2026-08-09,op_010,46214,17336,730946,1268629,1,True,True
2026-08-10,op_010,22098,8290,349517,606621,1,True,True
2026-08-11,op_010,29999,11253,474474,823497,1,True,True
2026-08-12,op_010,30728,11527,486008,843515,1,True,True
2026-08-13,op_010,1,1,1,1,1,True,True
2026-08-14,op_010,43920,16476,694662,1205655,1,True,True
2026-08-01,op_020,60120,17704,171943,138594,1,True,True
2026-08-02,op_020,129987,38278,371762,299658,1,True,True
2026-08-03,op_020,93277,27468,266772,215031,1,True,True
2026-08-04,op_020,80902,23824,231380,186504,1,True,True
2026-08-05,op_020,1,1,1,1,1,True,True
2026-08-06,op_020,1,1,1,1,1,True,True
2026-08-07,op_020,1,1,1,1,1,True,True
2026-08-08,op_020,142810,42054,408436,329219,1,True,True
2026-08-09,op_020,138287,40722,395501,318793,1,True,True
2026-08-10,op_020,1,1,1,1,1,True,True
2026-08-11,op_020,1,1,1,1,1,True,True
2026-08-12,op_020,79607,23442,227677,183518,1,True,True
2026-08-13,op_020,59204,17434,169324,136483,1,True,True
2026-08-14,op_020,127817,37639,365556,294656,1,True,True
2026-08-01,op_025,13867,5156,332208,935511,1,True,True
2026-08-02,op_025,10934,4066,261949,737661,1,True,True
2026-08-03,op_025,12533,4661,300259,845543,1,True,True
2026-08-04,op_025,13290,4942,318401,896631,1,True,True
2026-08-05,op_025,1,1,1,1,1,True,True
2026-08-06,op_025,11817,4394,283107,797241,1,True,True
2026-08-07,op_025,10491,3901,251347,707804,1,True,True
2026-08-08,op_025,13151,4890,315056,887210,1,True,True
2026-08-09,op_025,1,1,1,1,1,True,True
2026-08-10,op_025,12096,4498,289798,816084,1,True,True
2026-08-11,op_025,13601,5058,325846,917597,1,True,True
2026-08-12,op_025,16329,6072,391204,1101647,1,True,True
2026-08-13,op_025,10782,4010,258321,727443,1,True,True
2026-08-14,op_025,15186,5647,363826,1024551,1,True,True
2026-08-01,op_026,37302,5597,202773,151863,1,True,True
2026-08-02,op_026,1,1,1,1,1,True,True
2026-08-03,op_026,57104,8569,310417,232481,1,True,True
2026-08-04,op_026,35398,5312,192424,144113,1,True,True
2026-08-05,op_026,62648,9401,340552,255050,1,True,True
2026-08-06,op_026,55294,8297,300580,225114,1,True,True
2026-08-07,op_026,44405,6663,241388,180783,1,True,True
2026-08-08,op_026,120436,18072,654689,490317,1,True,True
2026-08-09,op_026,43696,6557,237529,177893,1,True,True
2026-08-10,op_026,69005,10355,375113,280934,1,True,True
2026-08-11,op_026,36934,5542,200774,150366,1,True,True
2026-08-12,op_026,39153,5875,212834,159398,1,True,True
2026-08-13,op_026,1,1,1,1,1,True,True
2026-08-14,op_026,69079,10366,375513,281234,1,True,True
2026-08-01,op_029,14944,10964,186835,350639,1,True,True
2026-08-02,op_029,22862,16774,285828,536422,1,True,True
2026-08-03,op_029,15600,11446,195037,366032,1,True,True
2026-08-04,op_029,19130,14036,239169,448855,1,True,True
2026-08-05,op_029,20232,14844,252946,474711,1,True,True
2026-08-06,op_029,15172,11132,189685,355987,1,True,True
2026-08-07,op_029,16955,12440,211986,397840,1,True,True
2026-08-08,op_029,16012,11748,200191,375705,1,True,True
2026-08-09,op_029,26124,19167,326614,612967,1,True,True
2026-08-10,op_029,19683,14441,246082,461830,1,True,True
2026-08-11,op_029,17522,12856,219073,411140,1,True,True
2026-08-12,op_029,1,1,1,1,1,True,True
2026-08-13,op_029,19046,13975,238128,446902,1,True,True
2026-08-14,op_029,21520,15789,269052,504939,1,True,True
2026-08-01,op_030,13367,10192,165432,286535,1,True,True
2026-08-02,op_030,28521,21745,352969,611359,1,True,True
2026-08-03,op_030,23281,17750,288115,499028,1,True,True
2026-08-04,op_030,17629,13440,218167,377875,1,True,True
2026-08-05,op_030,21016,16023,260083,450475,1,True,True
2026-08-06,op_030,18923,14427,234181,405612,1,True,True
2026-08-07,op_030,23235,17715,287549,498048,1,True,True
2026-08-08,op_030,20308,15483,251327,435309,1,True,True
2026-08-09,op_030,1,1,1,1,1,True,True
2026-08-10,op_030,22498,17153,278427,482248,1,True,True
2026-08-11,op_030,22463,17126,277994,481498,1,True,True
2026-08-12,op_030,1,1,1,1,1,True,True
2026-08-13,op_030,24731,18855,306060,530110,1,True,True
2026-08-14,op_030,16383,12491,202753,351177,1,True,True
2026-08-01,op_031,22051,35226,92442,83068,1,True,True
2026-08-02,op_031,1,1,1,1,1,True,True
2026-08-03,op_031,22733,36316,95303,85639,1,True,True
2026-08-04,op_031,33003,52721,138353,124324,1,True,True
2026-08-05,op_031,30307,48415,127054,114170,1,True,True
2026-08-06,op_031,21391,34171,89674,80581,1,True,True
2026-08-07,op_031,21709,34679,91006,81778,1,True,True
2026-08-08,op_031,19851,31711,83219,74780,1,True,True
2026-08-09,op_031,1,1,1,1,1,True,True
2026-08-10,op_031,23581,37670,98856,88832,1,True,True
2026-08-11,op_031,29208,46660,122447,110031,1,True,True
2026-08-12,op_031,22184,35439,93000,83569,1,True,True
2026-08-13,op_031,1,1,1,1,1,True,True
2026-08-14,op_031,17316,27661,72590,65229,1,True,True
2026-08-01,op_038,12734,5304,405022,1652511,1,True,True
2026-08-02,op_038,16996,7080,540578,2205583,1,True,True
2026-08-03,op_038,16835,7013,535459,2184697,1,True,True
2026-08-04,op_038,19628,8176,624312,2547224,1,True,True
2026-08-05,op_038,14188,5910,451282,1841252,1,True,True
2026-08-06,op_038,16239,6764,516500,2107345,1,True,True
2026-08-07,op_038,13312,5545,423412,1727543,1,True,True
2026-08-08,op_038,15510,6461,493307,2012717,1,True,True
2026-08-09,op_038,13093,5454,416461,1699180,1,True,True
2026-08-10,op_038,17252,7186,548730,2238844,1,True,True
2026-08-11,op_038,1,1,1,1,1,True,True
2026-08-12,op_038,17043,7099,542094,2211771,1,True,True
2026-08-13,op_038,19984,8324,635624,2593377,1,True,True
2026-08-14,op_038,21063,8774,669940,2733386,1,True,True
2026-08-01,op_045,14766,8283,373713,1046212,1,True,True
2026-08-02,op_045,17585,9864,445058,1245944,1,True,True
2026-08-03,op_045,16729,9384,423407,1185331,1,True,True
2026-08-04,op_045,16122,9044,408032,1142290,1,True,True
2026-08-05,op_045,14076,7896,356265,997368,1,True,True
2026-08-06,op_045,14434,8097,365306,1022677,1,True,True
2026-08-07,op_045,11608,6512,293788,822462,1,True,True
2026-08-08,op_045,14602,8191,369567,1034606,1,True,True
2026-08-09,op_045,14986,8407,379298,1061849,1,True,True
2026-08-10,op_045,1,1,1,1,1,True,True
2026-08-11,op_045,1,1,1,1,1,True,True
2026-08-12,op_045,12830,7197,324710,909028,1,True,True
2026-08-13,op_045,14060,7887,355862,996239,1,True,True
2026-08-14,op_045,14199,7965,359374,1006073,1,True,True
2026-08-01,op_047,26473,17652,317931,618422,1,True,True
2026-08-02,op_047,26509,17676,318369,619273,1,True,True
2026-08-03,op_047,32649,21770,392099,762690,1,True,True
2026-08-04,op_047,1,1,1,1,1,True,True
2026-08-05,op_047,20233,13491,242997,472663,1,True,True
2026-08-06,op_047,1,1,1,1,1,True,True
2026-08-07,op_047,21705,14473,260670,507041,1,True,True
2026-08-08,op_047,1,1,1,1,1,True,True
2026-08-09,op_047,22003,14672,264254,514012,1,True,True
2026-08-10,op_047,1,1,1,1,1,True,True
2026-08-11,op_047,29373,19586,352758,686165,1,True,True
2026-08-12,op_047,12960,8641,155641,302745,1,True,True
2026-08-13,op_047,14625,9752,175640,341646,1,True,True
2026-08-14,op_047,21035,14026,252627,491395,1,True,True
